XCoord;YCoord;FID;NETWERKID;PID;STATUS;STARTCODE;ENDCODE
358949,72989854;6580008,59156359;0;126;6360-6365;FIX;K2;K7
371345,75631815;6576901,52573493;1;126;6361-6403;FIX;K3;L7
368965,56757705;6565710,07741898;2;126;6396-6398;FIX;L2;L0
372218,66833990;6568637,23940860;3;126;6395-6413;FIX;LZ;MG
372481,12324877;6569058,63599534;4;126;6413-6425;FIX;MG;MS
375841,04513265;6570611,08472916;5;126;6415-6425;FIX;MS;MI
389812,24120728;6557712,83381077;6;126;6480-6484;FIX;OB;OF
390791,98049376;6552032,21069245;7;126;6485-6486;FIX;OG;OH
373854,41609053;6540181,56282684;8;126;6536-6542;FIX;PZ;PT
370927,05142969;6544435,69050879;9;126;6520-6536;FIX;PT;PD
371103,02176885;6548604,58461202;10;126;6519-6520;FIX;PD;PC
369042,67847814;6551108,52338486;11;126;6508-6519;FIX;PC;O3
365327,20886699;6552165,64042906;12;126;6504-6508;FIX;O3;OZ
363624,16800889;6551476,87788652;13;126;6503-6504;FIX;OZ;OY
360506,34835153;6554397,12043928;14;126;6468-6501;FIX;OW;NZ
371171,63213363;6558331,17561473;15;126;6466-6476;FIX;N7;NX
375794,85235077;6550023,76822520;16;126;6515-6516;FIX;O8;O9
376452,25126225;6549334,33498306;17;126;6516-6534;FIX;O9;PR
376282,37112605;6550039,43326494;18;126;6534-6535;FIX;PR;PS
375561,25582780;6551062,07499889;19;126;6513-6535;FIX;PS;O6
374727,46345982;6552031,04919049;20;126;6513-6514;FIX;O6;O7
371080,47509254;6554932,45754810;21;126;6509-6510;FIX;O5;O4
372590,11498138;6551970,35405958;22;126;6509-6518;FIX;O4;PB
369957,06361033;6581989,06800920;23;126;6341-6342;FIX;KL;KM
374657,84593008;6584100,85838339;24;126;6339-6340;FIX;KK;KJ
375984,76205588;6584588,85262766;25;126;6338-6339;FIX;KJ;KI
382640,47664036;6576388,03156528;26;126;6410-6411;FIX;MF;ME
376163,43026994;6577403,48211919;27;126;6404-6408;FIX;MC;L8
374998,08785392;6578290,49484383;28;126;6371-6404;FIX;L8;LC
385672,86140683;6555912,02782932;29;126;6483-6497;FIX;OE;OS
383420,58808563;6558780,68695339;30;126;6497-6498;FIX;OS;OT
380884,13431769;6561814,18747600;31;126;6473-6498;FIX;OT;N4
378895,98117596;6563465,19061411;32;126;6422-6473;FIX;N4;MP
379072,88674087;6566432,44199795;33;126;6420-6422;FIX;MP;MN
380350,80120579;6567219,94408759;34;126;6419-6420;FIX;MN;MM
351756,23763168;6579392,86752124;35;126;6358-6359;FIX;K1;K0
359899,05899735;6556197,10046759;36;126;6437-6451;FIX;NI;M4
365029,27201976;6559872,82755385;37;126;6399-6436;FIX;M3;L3
369015,49188103;6562121,78164319;38;126;6463-6464;FIX;NV;NU
368972,32240967;6560263,04100593;39;126;6463-6465;FIX;NU;NW
369469,58052028;6559324,29937957;40;126;6465-6466;FIX;NW;NX
351991,16576669;6557011,00637627;41;126;6444-6445;FIX;NC;NB
352651,53796930;6558263,96590952;42;126;6433-6444;FIX;NB;M0
354108,26845764;6559578,99751528;43;126;6432-6433;FIX;M0;MZ
348102,90646641;6568619,26394646;44;126;6382-6383;FIX;LM;LN
347769,77939594;6558035,94957182;45;126;6434-6443;FIX;M1;NA
347464,06791837;6556566,79404443;46;126;6441-6443;FIX;NA;M8
345252,40776663;6560737,89532725;47;126;6428-6442;FIX;M9;MV
342665,92944990;6560640,59185245;48;126;6428-6429;FIX;MV;MW
353839,14363175;6552565,94905722;49;126;6500-6502;FIX;OX;OV
374413,48716413;6542702,42456262;50;126;6536-6537;FIX;PU;PT
377162,08726570;6544728,95787759;51;126;6537-6543;FIX;PU;P0
379223,46147240;6544883,12504560;52;126;6541-6543;FIX;P0;PY
380854,40616258;6543662,30263771;53;126;6540-6541;FIX;PY;PX
381386,57389415;6545701,77157347;54;126;6539-6540;FIX;PX;PW
381485,05177199;6547760,15771446;55;126;6529-6539;FIX;PW;PM
379197,03237687;6548854,18601816;56;126;6529-6534;FIX;PM;PR
367880,60021369;6572127,13065709;57;126;6392-6393;FIX;LX;LW
366663,10354873;6570880,23179697;58;126;6392-6402;FIX;LW;L6
368373,95397112;6575242,16472559;59;126;6361-6362;FIX;K4;K3
380201,15037113;6572209,41834862;60;126;6415-6416;FIX;MI;MJ
381749,16159459;6571721,61348051;61;126;6416-6417;FIX;MJ;MK
381548,38559024;6570020,37632479;62;126;6417-6421;FIX;MK;MO
380502,96468492;6567977,62135708;63;126;6419-6421;FIX;MO;MM
382354,95216336;6576102,58953756;64;126;6409-6410;FIX;MD;ME
355709,68713662;6579017,17638695;65;126;6359-6360;FIX;K2;K1
372604,22791812;6579427,61463411;66;126;6341-6371;FIX;KL;LC
347116,66617497;6551920,95230418;67;126;6446-6447;FIX;ND;NE
349491,57243451;6554072,74980800;68;126;6445-6446;FIX;ND;NC
355446,57155098;6556949,12290307;69;126;6438-6445;FIX;NC;M5
365968,16681573;6572556,81583857;70;126;6391-6392;FIX;LW;LV
375986,49653895;6548773,99520015;71;126;6516-6517;FIX;O9;PA
374991,74151683;6546433,34305321;72;126;6517-6537;FIX;PA;PU
373903,30164203;6576576,88737583;73;126;6403-6404;FIX;L7;L8
384063,68295506;6562416,78073608;74;126;6478-6479;FIX;OA;N9
381251,19806705;6565118,07285966;75;126;6420-6479;FIX;MN;OA
381804,05904741;6562477,87536625;76;126;6479-6498;FIX;OA;OT
346600,95902256;6559368,28505607;77;126;6434-6442;FIX;M1;M9
375231,42427643;6551313,14487377;78;126;6513-6515;FIX;O6;O8
344506,51485586;6563179,65150572;79;126;6427-6428;FIX;MU;MV
343366,65418037;6565563,51268461;80;126;6375-6427;FIX;MU;LG
348383,67781955;6578151,70205695;81;126;6351-6355;FIX;KX;KT
369339,66051849;6564716,50924524;82;126;6414-6464;FIX;NV;MH
376527,16597723;6564677,44471612;83;126;6423-6424;FIX;MR;MQ
378071,21554474;6565275,25824240;84;126;6422-6423;FIX;MQ;MP
345362,38197684;6570297,11208345;85;126;6373-6374;FIX;LF;LE
345122,70333967;6572309,71951423;86;126;6357-6373;FIX;LE;KZ
346984,17555376;6573268,17473274;87;126;6356-6357;FIX;KZ;KY
349267,07142522;6574300,85644693;88;126;6352-6356;FIX;KY;KU
346951,77924570;6568792,32840035;89;126;6374-6383;FIX;LF;LN
348036,20501837;6571371,07752068;90;126;6356-6383;FIX;KY;LN
365446,92799391;6573878,08730739;91;126;6362-6363;FIX;K5;K4
370214,76018668;6559996,43543742;92;126;6465-6471;FIX;NW;N2
370408,10691443;6561013,30988288;93;126;6463-6471;FIX;NU;N2
368344,33975432;6566464,15453353;94;126;6396-6397;FIX;L0;L1
384034,05578029;6546828,13472990;95;126;6524-6525;FIX;PI;PH
381787,64882417;6555139,47726952;96;126;6522-6523;FIX;PF;PG
381457,10748946;6555766,00141702;97;126;6521-6522;FIX;PE;PF
382895,45690664;6547904,10612179;98;126;6525-6529;FIX;PI;PM
364506,06230388;6550318,39774605;99;126;6504-6505;FIX;OZ;O0
375361,40795389;6549378,70933642;100;126;6517-6518;FIX;PA;PB
378431,03066943;6571814,84961621;101;126;6405-6406;FIX;MA;L9
374214,08045266;6563155,48238415;102;126;6424-6472;FIX;N3;MR
374572,26863656;6560877,48906113;103;126;6472-6475;FIX;N3;N6
374285,85107100;6558174,61631173;104;126;6475-6476;FIX;N6;N7
387397,60887181;6558229,68526386;105;126;6481-6482;FIX;OC;OD
386302,43934359;6556115,68463786;106;126;6482-6483;FIX;OD;OE
387953,88763183;6555694,35509882;107;126;6482-6484;FIX;OF;OD
361575,62456122;6550511,10588504;108;126;6503-6506;FIX;OY;O1
363667,02931027;6574177,30748152;109;126;6363-6388;FIX;K5;LS
347032,60306509;6555014,44108011;110;126;6440-6441;FIX;M8;M7
350949,06293918;6569544,39057110;111;126;6381-6382;FIX;LM;LL
357957,01611452;6574178,90643312;112;126;6379-6384;FIX;LO;LJ
376737,26538082;6566248,44258570;113;126;6423-6426;FIX;MQ;MT
378268,96708106;6568141,80335012;114;126;6421-6426;FIX;MT;MO
367155,67324960;6567803,32259807;115;126;6397-6402;FIX;L1;L6
357433,93567154;6558469,25645233;116;126;6432-6435;FIX;MZ;M2
357805,30055860;6550280,67259096;117;126;6499-6507;FIX;O2;OU
352552,51660533;6573804,43646249;118;126;6353-6381;FIX;LL;KV
357655,74332490;6568915,55698962;119;126;6380-6390;FIX;LK;LU
359331,70456398;6557911,49622577;120;126;6435-6438;FIX;M5;M2
376570,14981328;6582574,24402113;121;126;6339-6370;FIX;KJ;LB
340632,44972330;6556407,84293971;122;126;6439-6528;FIX;M6;PL
383673,58276196;6555688,85648314;123;126;6497-6522;FIX;PF;OS
383752,32670775;6569741,62268641;124;126;6417-6418;FIX;MK;ML
378287,90321789;6546447,79675920;125;126;6538-6543;FIX;P0;PV
377001,07541026;6547918,24967044;126;126;6516-6538;FIX;PV;O9
379126,21803123;6546602,66947201;127;126;6538-6539;FIX;PV;PW
374404,13574276;6568795,97395094;128;126;6425-6426;FIX;MS;MT
349751,69748685;6556573,53800330;129;126;6443-6444;FIX;NA;NB
371712,93711860;6632407,38604323;130;125;6062-6063;FIX;C1;C0
370450,82347793;6632311,90578859;131;125;6062-6095;FIX;C0;DX
363692,28120873;6629996,92503083;132;125;6092-6093;FIX;DV;DU
361102,98885382;6627311,74790842;133;125;6089-6092;FIX;DU;DR
358697,74416883;6623287,70718013;134;125;6087-6088;FIX;DQ;DP
357816,04324886;6623896,64899788;135;125;6086-6087;FIX;DP;DO
357268,66008810;6625414,84033699;136;125;6085-6086;FIX;DO;DN
356385,79585539;6626432,65777395;137;125;6084-6085;FIX;DN;DM
354844,82565564;6626490,50592295;138;125;6083-6084;FIX;DM;DL
353531,44668222;6625541,42017768;139;125;6082-6083;FIX;DL;DK
354175,44610945;6623531,74883121;140;125;6081-6082;FIX;DK;DJ
354745,03355534;6621138,54223865;141;125;6079-6081;FIX;DJ;DH
354780,20854484;6616704,22237065;142;125;6078-6080;FIX;DI;DG
354202,95135263;6615852,54877672;143;125;6077-6078;FIX;DG;DF
344511,47994868;6617467,22376434;144;125;6016-6017;FIX;BR;BQ
348256,79050827;6605241,60679095;145;125;6110-6116;FIX;EB;EH
350740,61407194;6603421,68567468;146;125;6116-6118;FIX;EH;EJ
351476,86634526;6603092,85180147;147;125;6118-6166;FIX;EJ;FS
352540,75450175;6601177,69025816;148;125;6166-6167;FIX;FS;FT
355788,07753703;6598873,54976928;149;125;6167-6168;FIX;FT;FU
363510,70036810;6603998,51184341;150;125;6171-6172;FIX;FY;FX
360666,17194267;6600674,96471308;151;125;6168-6171;FIX;FX;FU
357433,13171237;6597152,90657900;152;125;6168-6175;FIX;FU;F1
355069,59100965;6596046,56131198;153;125;6170-6175;FIX;F1;FW
351365,87313447;6595499,50528287;154;125;6170-6192;FIX;FW;GI
353450,75655760;6591891,13797041;155;125;6192-6193;FIX;GI;GJ
355589,50514155;6588515,25398136;156;125;6193-6194;FIX;GJ;GK
365550,97283371;6585364,62715061;157;125;6199-6201;FIX;GR;GP
363828,11808607;6587488,97546842;158;125;6199-6200;FIX;GP;GQ
366117,80750690;6590179,58101467;159;125;6200-6207;FIX;GQ;GX
370016,70279014;6596848,59694664;160;125;6205-6206;FIX;GW;GV
368894,12684588;6599088,57266615;161;125;6187-6205;FIX;GV;GD
366152,72755838;6599261,38533926;162;125;6187-6188;FIX;GD;GE
369466,45426624;6649047,95965828;163;125;5994-5995;FIX;A6;A7
368619,93426048;6646667,83561530;164;125;5995-5996;FIX;A7;A8
366340,25330430;6645486,20203733;165;125;5991-5996;FIX;A8;A3
363906,00143440;6645833,76964284;166;125;5990-5991;FIX;A3;A2
362575,75621927;6647323,97970741;167;125;5990-5993;FIX;A2;A5
360807,15265953;6648513,18102205;168;125;5988-5993;FIX;A5;A0
356044,89101457;6646563,27022285;169;125;5985-5988;FIX;A0;AX
353510,45702310;6639264,66511927;170;125;5983-5984;FIX;AW;AV
351312,03913526;6640922,85192694;171;125;5982-5983;FIX;AV;AU
349638,74954806;6641194,94287045;172;125;5981-5982;FIX;AU;AT
348480,98112444;6639504,88325775;173;125;5980-5981;FIX;AT;AS
348006,84251275;6641764,55272729;174;125;5980-5987;FIX;AS;AZ
348813,33392390;6643432,17529024;175;125;5986-5987;FIX;AZ;AY
350413,37671683;6644361,00558438;176;125;5985-5986;FIX;AY;AX
375377,34182178;6610431,59234684;177;125;6163-6164;FIX;FQ;FP
371315,95085083;6611708,94935787;178;125;6161-6162;FIX;FO;FN
370950,92743472;6612388,79800893;179;125;6160-6161;FIX;FN;FM
368364,34330148;6613401,60600082;180;125;6138-6160;FIX;FM;E1
371974,61964977;6620641,27175688;181;125;6142-6143;FIX;E5;E6
371203,30363707;6624336,40196280;182;125;6141-6145;FIX;E8;E4
367230,15022077;6623993,50082717;183;125;6140-6141;FIX;E4;E3
363806,22399479;6621450,71577200;184;125;6134-6135;FIX;EX;EY
364311,51228550;6620496,12476259;185;125;6135-6139;FIX;EY;E2
367671,46637130;6606236,70647470;186;125;6178-6185;FIX;F4;GB
370389,58210158;6605226,56282654;187;125;6183-6184;FIX;GA;F9
371241,30132701;6608140,20718144;188;125;6180-6181;FIX;F7;F6
369294,11309328;6607887,01587540;189;125;6179-6180;FIX;F6;F5
369263,34570544;6606111,95399518;190;125;6179-6184;FIX;F5;GA
328199,51765785;6622667,52769870;191;125;5960-5963;FIX;AE;AB
327136,38228644;6620264,48932771;192;125;5960-5961;FIX;AB;AC
334049,26763964;6620886,06363791;193;125;6025-6026;FIX;B0;BZ
334299,15804293;6623128,44218607;194;125;6023-6025;FIX;BZ;BX
334294,23004093;6625325,51352501;195;125;6023-6031;FIX;BX;B5
334094,46079057;6625617,92769212;196;125;6030-6031;FIX;B5;B4
337062,70001840;6626484,05756071;197;125;6030-6039;FIX;B4;CD
340506,65420805;6625347,90814388;198;125;6038-6039;FIX;CD;CC
342344,25787118;6626868,41424105;199;125;6037-6038;FIX;CC;CB
341592,57004095;6631076,92910654;200;125;5971-6037;FIX;CB;AK
338468,23509252;6634006,61819104;201;125;5971-5972;FIX;AK;AL
335638,91059934;6632826,80727681;202;125;5972-5974;FIX;AL;AN
325838,28348946;6621031,26206033;203;125;5959-5960;FIX;AA;AB
378132,85091584;6615485,53161164;204;125;6158-6159;FIX;FL;FK
373837,45664304;6647400,46064378;205;125;6002-6004;FIX;BD;BE
371878,15228264;6646033,35436996;206;125;5997-6004;FIX;BE;A9
368317,72501822;6606977,89544549;207;125;6178-6179;FIX;F5;F4
368900,02184267;6589230,62940302;208;125;6207-6332;FIX;KC;GX
370261,62685174;6588077,63962592;209;125;6332-6333;FIX;KD;KC
371976,71053645;6589674,73613855;210;125;6333-6334;FIX;KE;KD
365167,81653025;6632673,67517352;211;125;6053-6094;FIX;DW;CR
364689,99294094;6633571,98421614;212;125;6053-6056;FIX;CR;CU
365011,77025205;6635396,90148565;213;125;6055-6056;FIX;CU;CT
366086,24467055;6635874,17859532;214;125;6054-6055;FIX;CT;CS
365781,23363585;6634031,80055770;215;125;6053-6054;FIX;CS;CR
364173,92007166;6631440,25914123;216;125;6052-6053;FIX;CR;CQ
352775,99404506;6634019,56103668;217;125;6046-6050;FIX;CO;CK
350350,90444879;6637451,83491417;218;125;5981-6046;FIX;CK;AT
351131,15414838;6639798,66598752;219;125;5981-5983;FIX;AT;AV
361563,82466448;6632868,81419853;220;125;6051-6057;FIX;CP;CV
362968,85645562;6635661,89583731;221;125;6057-6059;FIX;CV;CX
333396,16037941;6621205,51017813;222;125;5962-6025;FIX;BZ;AD
369312,13599307;6644964,40279701;223;125;5996-5997;FIX;A8;A9
334553,67521906;6622954,62959295;224;125;6024-6026;FIX;B0;BY
334409,00284070;6625162,69786530;225;125;6023-6024;FIX;BY;BX
371311,54057023;6647815,29661070;226;125;5995-6004;FIX;BE;A7
366680,61147614;6635168,97862700;227;125;6054-6060;FIX;CS;CY
367057,19905495;6635142,90795754;228;125;6060-6064;FIX;CY;C2
366416,42070811;6635824,62126797;229;125;6064-6065;FIX;C2;C3
369193,23751601;6638287,09159793;230;125;6069-6071;FIX;C9;C7
372649,88902436;6640595,97055751;231;125;6067-6068;FIX;C6;C5
365564,42589820;6636924,90098601;232;125;6058-6065;FIX;CW;C3
364765,47544294;6637760,89908336;233;125;6058-6059;FIX;CW;CX
359919,24998967;6627146,88101631;234;125;6089-6090;FIX;DR;DS
347334,82623599;6639890,32649241;235;125;5979-5980;FIX;AS;AR
347231,92260616;6638410,35841108;236;125;5979-6045;FIX;AR;CJ
345152,13476381;6628503,91131848;237;125;6037-6040;FIX;CE;CB
347118,58713326;6629155,33395009;238;125;6036-6040;FIX;CA;CE
352460,36557775;6630750,28867909;239;125;6041-6043;FIX;CF;CH
351559,86931561;6634360,75749679;240;125;6044-6046;FIX;CI;CK
370488,45080732;6599370,50257294;241;125;6205-6208;FIX;GV;GY
338645,00062106;6624275,66643291;242;125;6035-6039;FIX;CD;B9
336486,78874225;6624485,68639385;243;125;6031-6035;FIX;B5;B9
340501,76938975;6623757,38898340;244;125;6034-6035;FIX;B9;B8
342320,24853895;6624915,06373066;245;125;6034-6038;FIX;B8;CC
342884,72216998;6624050,74066610;246;125;6032-6034;FIX;B8;B6
345610,61035289;6624459,18547120;247;125;6032-6033;FIX;B6;B7
350636,47230743;6625623,93919179;248;125;6033-6042;FIX;B7;CG
352300,88998244;6627783,09372525;249;125;6041-6042;FIX;CG;CF
347926,71718481;6624978,49012238;250;125;6033-6072;FIX;DA;B7
345608,84544283;6624370,93730443;251;125;6028-6072;FIX;DA;B2
343279,75108337;6624099,31688306;252;125;6028-6032;FIX;B2;B6
347970,92370619;6626756,82327870;253;125;6033-6036;FIX;B7;CA
354246,13463131;6631828,82676223;254;125;6048-6050;FIX;CO;CM
353057,54630316;6631955,74851888;255;125;6043-6048;FIX;CM;CH
365492,70293663;6636726,43141223;256;125;6055-6058;FIX;CT;CW
368314,13946321;6634214,91464048;257;125;6060-6061;FIX;CY;CZ
369657,33179114;6633017,55240333;258;125;6061-6095;FIX;CZ;DX
356184,63888026;6622964,80805071;259;125;6081-6086;FIX;DJ;DO
372729,53841999;6628404,05322671;260;125;6150-6151;FIX;FD;FC
370214,39811396;6629208,58285408;261;125;6097-6151;FIX;DZ;FD
371270,54617027;6631142,24416679;262;125;6096-6097;FIX;DZ;DY
368655,11295504;6630102,83751637;263;125;6097-6098;FIX;D0;DZ
366494,67855611;6630547,86205669;264;125;6093-6098;FIX;DV;D0
353337,27658755;6597505,00135162;265;125;6169-6170;FIX;FW;FV
353405,79646090;6598481,66292585;266;125;6167-6169;FIX;FV;FT
375620,54841683;6613175,71388819;267;125;6157-6158;FIX;FK;FJ
367435,31323228;6635815,89162005;268;125;6064-6070;FIX;C2;C8
369358,59578317;6637988,20996815;269;125;6069-6070;FIX;C8;C7
367682,67525514;6636646,29421304;270;125;6070-6071;FIX;C8;C9
359734,76845274;6621669,79842675;271;125;6088-6126;FIX;EQ;DQ
361342,72681495;6618151,62645674;272;125;6126-6128;FIX;ER;EQ
360402,24147058;6609823,27504093;273;125;6131-6132;FIX;EU;EV
361920,36901154;6609477,26740636;274;125;6130-6131;FIX;EU;ET
363570,47405560;6607732,79090955;275;125;6130-6176;FIX;ET;F2
365283,60945324;6606879,16413248;276;125;6176-6177;FIX;F2;F3
359700,63851078;6646015,67850398;277;125;5988-5989;FIX;A0;A1
362462,48159858;6626938,95444298;278;125;6092-6099;FIX;D1;DU
365340,17653526;6628079,64580705;279;125;6098-6099;FIX;D1;D0
368948,73169843;6612888,79613363;280;125;6129-6161;FIX;ES;FN
333437,07757627;6626917,59846473;281;125;5969-6030;FIX;B4;AJ
333729,21127766;6628340,60854111;282;125;5969-5977;FIX;AJ;AP
337081,55813993;6630993,47389783;283;125;5971-5977;FIX;AP;AK
349669,84759167;6592961,35718202;284;125;6191-6192;FIX;GI;GH
350736,97980672;6590095,09306328;285;125;6191-6195;FIX;GH;GL
348878,99962383;6587626,18397796;286;125;6195-6196;FIX;GL;GM
354242,02233280;6607704,76303883;287;125;6115-6165;FIX;FR;EG
353457,88813182;6609046,26523525;288;125;6114-6115;FIX;EG;EF
348687,84611112;6624342,21220241;289;125;6072-6073;FIX;DA;DB
349695,92726335;6622672,12212427;290;125;6073-6074;FIX;DB;DC
347382,25518550;6621107,75456713;291;125;6027-6074;FIX;DC;B1
338479,62520384;6619647,35677295;292;125;6019-6020;FIX;BU;BT
338331,63050108;6622150,86094695;293;125;6019-6029;FIX;BT;B3
340826,28075831;6623721,48838788;294;125;6028-6029;FIX;B3;B2
344294,72957617;6622719,01109163;295;125;6027-6028;FIX;B2;B1
325389,07672868;6628481,70980964;296;125;5965-7087;FIX;AG;SD
365390,52040318;6647526,39661979;297;125;5991-5992;FIX;A3;A4
364215,50525929;6649403,78819762;298;125;5992-5993;FIX;A4;A5
351635,08083101;6618125,40136783;299;125;6075-6076;FIX;DE;DD
366624,28390219;6606263,95443164;300;125;6177-6185;FIX;GB;F3
349519,65608475;6635368,17757591;301;125;6044-6045;FIX;CJ;CI
359153,34870573;6590750,91286156;302;125;6193-6198;FIX;GJ;GO
362885,54296393;6591166,93603267;303;125;6198-6200;FIX;GO;GQ
358782,24039056;6612128,65378801;304;125;6132-6133;FIX;EW;EV
359265,92249738;6627161,62455992;305;125;6090-6091;FIX;DS;DT
379254,94789087;6593488,35660073;306;125;6210-6337;FIX;KH;G0
375490,31342846;6593447,18873663;307;125;6209-6335;FIX;KF;GZ
327837,91494928;6625446,24362911;308;125;5963-5964;FIX;AE;AF
331911,56846735;6612831,34648385;309;125;6006-6007;FIX;BG;BH
344221,62099201;6604853,81527987;310;125;6109-6110;FIX;EA;EB
370681,21535655;6632960,77757601;311;125;6061-6062;FIX;CZ;C0
362966,52503419;6633744,53206524;312;125;6056-6057;FIX;CU;CV
357567,21259610;6626822,25613023;313;125;6085-6091;FIX;DT;DN
325719,78720429;6629566,06229421;314;125;7087-7088;FIX;SE;SD
349448,28665759;6642872,82812676;315;125;5982-5986;FIX;AU;AY
336431,98100538;6624414,52461650;316;125;6024-6029;FIX;BY;B3
339675,26145369;6637662,34104780;317;125;5973-5978;FIX;AQ;AM
333536,50548467;6630124,50773473;318;125;5974-5977;FIX;AN;AP
364150,01124845;6605776,98182048;319;125;6172-6176;FIX;FY;F2
337796,22010952;6635699,21374048;320;125;5972-5973;FIX;AM;AL
352627,33524530;6586299,72344738;321;125;6194-6195;FIX;GL;GK
352709,09627408;6616983,15760911;322;125;6076-6077;FIX;DF;DE
358525,67835254;6593653,56307668;323;125;6175-6198;FIX;GO;F1
364087,57222004;6595101,92585111;324;125;6188-6198;FIX;GO;GE
372514,73213169;6613152,77192484;325;125;6157-6160;FIX;FM;FJ
368142,63431331;6650040,74560693;326;125;5992-6001;FIX;BC;A4
338021,77871659;6618749,22949156;327;125;6020-6021;FIX;BU;BV
350578,88653122;6602048,80380976;328;125;6117-6118;FIX;EI;EJ
347715,96723065;6600432,12291492;329;125;6117-6123;FIX;EN;EI
345580,50264468;6594387,59680638;330;125;6189-6190;FIX;GG;GF
344202,62197832;6595134,07816727;331;125;6189-6999;FIX;GF;SC
351478,40101847;6599168,76205041;332;125;6117-6169;FIX;EI;FV
340820,57160355;6601106,54217971;333;125;6100-6101;FIX;D2;D3
342586,97075188;6598558,82037728;334;125;6101-6999;FIX;D3;SC
353324,44465572;6605227,06635627;335;125;6165-6166;FIX;FR;FS
377976,83826058;6597767,72215078;336;125;6210-6211;FIX;G1;G0
366220,42889363;6624669,03119291;337;125;6140-6152;FIX;E3;FE
368259,57671374;6626538,24116405;338;125;6151-6152;FIX;FD;FE
322381,95960655;6620740,24091726;339;125;5959-5967;FIX;AA;AI
334238,44125721;6580473,78161614;340;127;6469-6470;FIX;N1;N0
335450,13231239;6573388,22920505;341;127;6372-6469;FIX;LD;N0
334885,66981058;6569884,25580913;342;127;6372-6377;FIX;LD;LI
327940,12124268;6574398,32350035;343;127;6490-6496;FIX;OR;OL
328327,15248615;6576851,58057306;344;127;6490-6491;FIX;OL;OM
331172,70134163;6579387,33060802;345;127;6491-6492;FIX;OM;ON
330686,11064628;6582201,42983115;346;127;6317-6492;FIX;ON;JX
326383,65892447;6581664,82918553;347;127;6317-6318;FIX;JX;JY
316009,13644624;6584462,66064570;348;127;6314-6315;FIX;JV;JU
316620,40327319;6587548,49668852;349;127;6314-6322;FIX;JU;J2
322315,96627971;6585636,91730860;350;127;6320-6321;FIX;J1;J0
321646,04544673;6561950,28209152;351;127;6626-6628;FIX;R6;R4
323995,35828040;6562010,94223416;352;127;6625-6626;FIX;R4;R3
326347,24686198;6562297,83240014;353;127;6533-6625;FIX;R3;PQ
326659,90298598;6561020,47887975;354;127;6532-6533;FIX;PQ;PP
338507,47649001;6552463,18197476;355;127;6449-6530;FIX;PN;NG
328282,07370071;6556583,38591312;356;127;6531-6545;FIX;P2;PO
335605,61981141;6561770,16888521;357;127;6430-6527;FIX;PK;MX
338694,43966064;6561348,18889543;358;127;6429-6430;FIX;MX;MW
339573,29839993;6559020,22920007;359;127;6429-6528;FIX;MW;PL
337930,85878556;6557022,91682216;360;127;6528-6530;FIX;PL;PN
304763,05461735;6613289,99441772;361;127;6204-6212;FIX;GU;G2
305616,65058911;6611157,50597385;362;127;6212-6213;FIX;G2;G3
310630,68449829;6602876,58677838;363;127;6220-6268;FIX;HA;IK
306996,16630816;6596318,88467983;364;127;6251-6267;FIX;IJ;H4
305359,01545483;6595844,74301267;365;127;6251-6252;FIX;H4;H5
304378,73675283;6594318,46552820;366;127;6252-6253;FIX;H5;H6
306316,62573883;6593580,58135088;367;127;6253-6266;FIX;H6;II
308190,19650024;6593843,67682187;368;127;6265-6266;FIX;II;IH
308938,31946138;6591161,38687802;369;127;6265-6310;FIX;IH;JQ
303294,78581871;6591266,86942264;370;127;6254-6255;FIX;H8;H7
303811,94895175;6592478,95072831;371;127;6253-6254;FIX;H7;H6
303633,36196059;6597363,69644804;372;127;6245-6250;FIX;HY;H3
305231,71047235;6598507,28042968;373;127;6249-6250;FIX;H3;H2
307495,41837416;6603827,51075795;374;127;6220-6221;FIX;HB;HA
316487,21923499;6604658,75293649;375;127;6219-6278;FIX;G9;IU
318470,82193746;6602100,72697810;376;127;6278-6279;FIX;IU;IV
317753,93655539;6598076,23485600;377;127;6274-6279;FIX;IV;IQ
318311,61796073;6594230,77006298;378;127;6273-6274;FIX;IQ;IP
320710,98630043;6595780,13774899;379;127;6273-6282;FIX;IP;IY
322712,01150986;6598448,21012645;380;127;6281-6282;FIX;IY;IX
324418,24482290;6600137,34626704;381;127;6281-6292;FIX;IX;I8
326374,80680050;6595249,92452160;382;127;6284-6462;FIX;NT;I0
324596,55315319;6593317,41111206;383;127;6284-6285;FIX;I0;I1
324229,09937460;6590527,36062422;384;127;6285-6324;FIX;I1;J4
324083,62583046;6589452,38338388;385;127;6324-6331;FIX;J4;KB
322357,78885563;6588372,13894119;386;127;6330-6331;FIX;KB;KA
324373,58675585;6587419,78200017;387;127;6329-6330;FIX;KA;J9
327562,25458001;6586433,04707692;388;127;6328-6329;FIX;J9;J8
328437,71625154;6584695,22317793;389;127;6317-6328;FIX;J8;JX
318807,13354817;6594129,52090142;390;127;6272-6273;FIX;IP;IO
318312,72725543;6593922,01116205;391;127;6261-6272;FIX;ID;IO
317789,79654021;6593959,56264205;392;127;6260-6261;FIX;IC;ID
317730,72483282;6593694,76695735;393;127;6260-6262;FIX;IC;IE
317166,92648738;6593584,53441983;394;127;6262-6263;FIX;IE;IF
314498,55026952;6596558,65659406;395;127;6270-6271;FIX;IM;IN
315560,57557430;6596598,06286230;396;127;6259-6271;FIX;IN;IB
319699,97768393;6601197,00294955;397;127;6279-6280;FIX;IW;IV
321997,24584377;6600478,47699349;398;127;6280-6281;FIX;IX;IW
322394,06081437;6590911,39146055;399;127;6285-6286;FIX;I2;I1
320043,07539498;6592111,52816028;400;127;6272-6286;FIX;IO;I2
323550,77256118;6559932,60970645;401;127;6612-6613;FIX;RS;RT
321862,46679057;6556623,07910442;402;127;6614-6615;FIX;RU;RV
337788,40975631;6593590,12200159;403;127;6106-6107;FIX;D8;D7
337282,78992556;6594972,37207813;404;127;6105-6106;FIX;D7;D6
336264,09428898;6597775,30723841;405;127;6104-6105;FIX;D6;D5
335279,18548921;6600252,72901187;406;127;6103-6104;FIX;D4;D5
305585,22691338;6597052,41445409;407;127;6250-6251;FIX;H3;H4
313522,84823455;6598053,80065765;408;127;6269-6270;FIX;IL;IM
312005,81672009;6600540,96938992;409;127;6268-6269;FIX;IK;IL
331481,61180849;6585859,35664498;410;127;6327-6470;FIX;N1;J7
329897,96565191;6586432,41030558;411;127;6327-6328;FIX;J7;J8
330215,39076212;6588448,92444000;412;127;6326-6327;FIX;J6;J7
328581,11759705;6589062,31333320;413;127;6325-6326;FIX;J6;J5
327436,23404609;6587563,06527061;414;127;6325-6329;FIX;J5;J9
329706,70628795;6593483,61562307;415;127;6459-6460;FIX;NQ;NR
317863,37449535;6594201,16543353;416;127;6261-6274;FIX;IQ;ID
316436,30797625;6582123,67150646;417;127;6315-6316;FIX;JW;JV
316964,10601678;6573120,21293601;418;127;6575-6576;FIX;QU;QV
320093,77255419;6574865,92658228;419;127;6576-6577;FIX;QV;QW
323587,86413481;6578629,66760502;420;127;6319-6577;FIX;JZ;QW
323697,12858873;6579993,02081255;421;127;6318-6319;FIX;JY;JZ
297659,65324911;6591896,16574926;422;127;6240-6241;FIX;HT;HU
295521,61380433;6592858,67588777;423;127;6237-6241;FIX;HU;HQ
295162,05899101;6595201,13992526;424;127;6236-6237;FIX;HQ;HP
291436,49066023;6590230,14710446;425;127;6243-6244;FIX;HW;HX
288969,87935965;6591116,69294889;426;127; ;NEW;T9;HX
293770,43510185;6590009,99056294;427;127;6242-6243;FIX;HV;HW
295153,41514544;6590061,05088680;428;127;6241-6242;FIX;HV;HU
317722,00781112;6593292,27752923;429;127;6262-6313;FIX;IE;JT
304622,73108899;6581847,93287814;430;127;6299-6300;FIX;JG;JF
304292,21768971;6583005,01666697;431;127;6298-6299;FIX;JF;JE
301316,72798660;6582320,65390607;432;127;6297-6298;FIX;JE;JD
298005,02086999;6583653,21025864;433;127;6296-6297;FIX;JD;JC
297955,94357826;6585918,14091572;434;127;6295-6296;FIX;JC;JB
295219,83874002;6588472,25300007;435;127;6242-6294;FIX;JA;HV
313297,42899939;6582807,75299369;436;127;6306-6307;FIX;JM;JN
315845,93650013;6573264,89174205;437;127;6575-6583;FIX;Q2;QU
313934,22786532;6569941,41174320;438;127;6582-6583;FIX;Q2;Q1
312382,66659972;6566088,89450395;439;127;6582-6591;FIX;Q1;Q9
303328,60859578;6557435,70779424;440;127;6584-6587;FIX;Q5;Q3
306939,13360169;6550412,80543901;441;127;6605-6606;FIX;RM;RL
307951,94901917;6555213,15191031;442;127;6595-6607;FIX;RN;RD
308273,72297455;6557789,19517989;443;127;6594-6595;FIX;RD;RC
309610,44172306;6549302,71934465;444;127;6605-6996;FIX;RL;SA
314144,14172874;6549346,34759275;445;127;6598-6599;FIX;RF;RG
314240,06343819;6548730,84248515;446;127; ;NEW;RG;YF
314416,59465041;6573139,76465091;447;127;6568-6583;FIX;QN;Q2
311642,19479738;6570965,20045007;448;127;6568-6569;FIX;QO;QN
305964,92654715;6573401,76751077;449;127;6570-6571;FIX;QP;QQ
301699,22382365;6569126,73182494;450;127;6572-6573;FIX;QS;QR
301091,54190100;6568600,83740433;451;127;6573-6574;FIX;QT;QS
296695,65373325;6565366,82152340;452;127;6554-6555;FIX;QA;P9
294815,66830346;6566547,47784342;453;127;6553-6554;FIX;P9;P8
293078,92144373;6567616,48067437;454;127;6548-6553;FIX;P8;P3
300806,82396432;6557597,81510413;455;127;6586-6587;FIX;Q4;Q5
296800,69528168;6559413,14052426;456;127;6557-6558;FIX;QC;QD
291724,86970876;6563445,61333948;457;127;6560-6561;FIX;QF;QG
293854,67228785;6561408,26384955;458;127;6556-6561;FIX;QG;QB
296446,12047201;6559252,67957788;459;127;6556-6557;FIX;QB;QC
310027,12342839;6567814,27119685;460;127;6569-6590;FIX;Q8;QO
314691,14880070;6549959,76850082;461;127;6597-6598;FIX;RF;RE
315636,76572634;6551915,71500187;462;127;6597-6622;FIX;RE;R1
319820,62028000;6566429,53395982;463;127;6580-6630;FIX;QZ;R8
319411,36718123;6569737,00671156;464;127;6579-6580;FIX;QY;QZ
321157,42415308;6570798,97115999;465;127;6578-6579;FIX;QX;QY
323675,63828950;6572403,00161190;466;127;6495-6578;FIX;OQ;QX
321227,86700827;6568478,52528434;467;127;6579-6624;FIX;QY;R2
314242,05243490;6551132,79965050;468;127;6597-6609;FIX;RE;RP
325031,55372005;6565339,22953653;469;127;6624-6625;FIX;R2;R3
321567,40291832;6590356,01978863;470;127;6286-6323;FIX;I2;J3
321874,43525521;6589281,85176563;471;127;6323-6331;FIX;J3;KB
318817,88051016;6569579,31277268;472;127;6580-6581;FIX;Q0;QZ
316509,04873947;6567114,32820007;473;127;6581-6582;FIX;Q0;Q1
317733,98986643;6570874,82150921;474;127;6576-6581;FIX;QV;Q0
325300,40069788;6595947,39118231;475;127;6283-6284;FIX;I0;IZ
325752,62942480;6598894,35305926;476;127;6283-6292;FIX;IZ;I8
324168,51593593;6601781,47929180;477;127;6287-6292;FIX;I8;I3
323038,12918760;6604256,41590972;478;127;6287-6288;FIX;I3;I4
317309,64739662;6611082,72913083;479;127;6231-6232;FIX;HM;HL
318751,40970590;6612196,00258943;480;127;6231-6291;FIX;HL;I7
322387,84123752;6612301,12549746;481;127;6008-6291;FIX;I7;BI
325483,44683146;6611702,99558770;482;127;6008-6009;FIX;BI;BJ
326571,23465401;6606712,40754198;483;127;6010-6289;FIX;BK;I5
325127,66088364;6607625,27863007;484;127;6289-6290;FIX;I5;I6
325407,49287591;6609480,72167881;485;127;6009-6290;FIX;I6;BJ
326090,35146467;6559752,88563643;486;127;6532-6613;FIX;PP;RT
329230,42295672;6593452,27497298;487;127;6460-6461;FIX;NS;NR
305834,07121800;6555429,32499153;488;127;6584-6595;FIX;Q3;RD
319513,03182230;6579909,83486017;489;127;6316-6319;FIX;JW;JZ
337947,07305714;6576863,30153832;490;127;6469-6997;FIX;N0;SB
339036,70098202;6579939,81256273;491;127;6350-6997;FIX;SB;KS
300318,68187683;6593678,44707240;492;127;6239-6240;FIX;HS;HT
302398,36001224;6594720,71653265;493;127;6239-6257;FIX;IA;HS
303186,25010370;6596244,41363715;494;127;6245-6257;FIX;HY;IA
303990,20507223;6595593,38003996;495;127;6252-6257;FIX;IA;H5
308371,30707036;6574382,75779468;496;127;6567-6570;FIX;QP;QM
310109,92722036;6575638,72274520;497;127;6566-6567;FIX;QL;QM
307926,60937956;6577409,05609643;498;127;6565-6566;FIX;QK;QL
304817,82508207;6576138,01756225;499;127;6564-6565;FIX;QJ;QK
304820,62276486;6574187,45591206;500;127;6564-6571;FIX;QQ;QJ
301976,30352498;6576920,34143624;501;127;6302-6562;FIX;JI;QH
302543,92026756;6578884,05827964;502;127;6301-6302;FIX;JH;JI
304471,01382856;6578079,58916650;503;127;6301-6565;FIX;QK;JH
323500,40931825;6555462,21718027;504;127;6614-6617;FIX;RW;RU
326800,67520095;6553327,26371129;505;127;6544-6618;FIX;RX;P1
314093,44040275;6585955,50221821;506;127;6307-6314;FIX;JU;JN
309601,01046855;6611262,11611852;507;127;6215-6218;FIX;G8;G5
306979,16345335;6611689,57125871;508;127;6214-6215;FIX;G4;G5
305924,08694799;6611866,24543376;509;127;6212-6214;FIX;G4;G2
312792,67103484;6612451,35926007;510;127;6223-6233;FIX;HD;HN
311794,80159116;6614873,62545155;511;127;6223-6224;FIX;HE;HD
319713,47193404;6620466,40331331;512;127;5966-5967;FIX;AH;AI
320368,30637706;6618913,92483265;513;127;5967-6228;FIX;AI;HI
318636,76083945;6615774,04009269;514;127;6228-6230;FIX;HK;HI
316737,69710197;6612365,52546877;515;127;6230-6231;FIX;HL;HK
320126,07266939;6618405,27182241;516;127;6228-6229;FIX;HI;HJ
313966,47114421;6614168,61922842;517;127;6223-6230;FIX;HD;HK
315727,83748469;6617122,05365256;518;127;6224-6229;FIX;HJ;HE
310878,58395330;6615149,47629973;519;127;6216-6224;FIX;HE;G6
308093,67480728;6613429,75521196;520;127;6215-6216;FIX;G5;G6
306976,61235258;6610831,58710918;521;127;6213-6214;FIX;G3;G4
298827,03858821;6605328,70820858;522;127;6124-6153;FIX;FF;EO
297224,27948725;6602243,73747641;523;127; ;NEW;EM;EO
291461,89441130;6598403,10423372;524;127;6119-6234;FIX;EK;HO
294714,09482441;6595933,32495704;525;127;6234-6236;FIX;HP;HO
320042,36195386;6549155,29302797;526;127;6601-6620;FIX;RI;RZ
325219,11598728;6549685,64885497;527;127;6618-6619;FIX;RX;RY
303539,18512787;6579977,96131666;528;127;6300-6301;FIX;JG;JH
298915,83507967;6597779,18050379;529;127;6238-6246;FIX;HR;HZ
297615,63350639;6598746,17454528;530;127;6156-6238;FIX;FI;HR
296982,22984860;6600568,31279189;531;127; ;NEW;UC;FI
303256,92106605;6602359,39214902;532;127;6222-6248;FIX;HC;H1
304733,60339379;6603902,55710282;533;127;6221-6222;FIX;HB;HC
296764,52518129;6600125,46740427;534;127;6155-6156;FIX;FH;FI
299788,05191324;6595646,98368328;535;127;6238-6239;FIX;HS;HR
327815,14177568;6594250,00302311;536;127;6461-6462;FIX;NT;NS
310621,57133923;6586826,65647491;537;127;6310-6311;FIX;JQ;JR
325971,67005175;6555022,94615160;538;127;6545-6617;FIX;P2;RW
304936,94689050;6583847,75284600;539;127;6299-6309;FIX;JF;JP
308684,79330223;6615850,35531511;540;127;6216-6217;FIX;G6;G7
323407,58836664;6597119,98490991;541;127;6282-6283;FIX;IZ;IY
314301,22930333;6600863,84813353;542;127;6276-6277;FIX;IS;IT
314383,39798734;6599383,28654423;543;127;6275-6276;FIX;IS;IR
314584,04094347;6597665,18735129;544;127;6271-6275;FIX;IR;IN
310652,55189922;6548405,10657293;545;127;6603-6996;FIX;SA;RK
296010,74456279;6573488,39496358;546;127;6550-6551;FIX;P5;P6
333695,51540646;6568371,50236957;547;127;6376-6377;FIX;LI;LH
333909,97636106;6567616,51780912;548;127;6376-6493;FIX;LH;OO
295078,98697676;6598593,14249706;549;127;6155-6234;FIX;HO;FH
298257,51294174;6570944,49967966;550;127;6551-6552;FIX;P6;P7
299563,65095183;6569135,07562442;551;127;6552-6574;FIX;P7;QT
326745,10177701;6589354,40117609;552;127;6324-6325;FIX;J5;J4
325795,45522364;6574304,63272917;553;127;6490-6495;FIX;OQ;OL
324920,97191720;6573072,66680492;554;127;6494-6495;FIX;OP;OQ
327210,87041524;6572821,57542378;555;127;6494-6496;FIX;OP;OR
313261,33700715;6563392,12791027;556;127;6591-6592;FIX;RA;Q9
312277,48389140;6574615,73129267;557;127;6567-6568;FIX;QM;QN
297204,47324073;6595915,89235021;558;127;6237-6238;FIX;HR;HQ
299724,55336032;6577705,47797557;559;127;6302-6303;FIX;JI;JJ
296519,51992481;6577299,45811099;560;127;6303-6550;FIX;JJ;P5
297125,80869814;6578460,92844691;561;127;6303-6304;FIX;JJ;JK
315381,97480923;6610878,55864461;562;127;6232-6233;FIX;HN;HM
297127,48494119;6559695,58765462;563;127;6558-6559;FIX;QD;QE
302181,45032281;6605105,72911077;564;127;6153-6222;FIX;HC;FF
323483,14552799;6606710,50943808;565;127;6288-6289;FIX;I4;I5
313325,82931359;6599970,01855122;566;127;6269-6276;FIX;IL;IS
335880,22891268;6594502,95328752;567;127;6105-6458;FIX;NP;D6
296213,62505996;6569460,01813751;568;127;6552-6553;FIX;P8;P7
321687,99882858;6610248,26891627;569;127;6290-6291;FIX;I6;I7
376582,57144918;6619344,12343884;570;219;6143-6159;FIX;E6;FL
379807,38850604;6617735,70193107;571;219;6159-7168;FIX;FL;SV
381508,64531918;6619291,59990713;572;219;7167-7168;FIX;SV;SU
381574,67972383;6622208,51785494;573;219;7165-7167;FIX;SU;SS
374623,49445774;6623598,43243449;574;219;6144-6145;FIX;E7;E8
375111,31058581;6625482,27160771;575;219;6145-6147;FIX;E9;E8
380126,03347778;6626210,80758817;576;219;6147-7163;FIX;E9;SQ
387033,89138936;6565100,80574822;577;219;7192-7196;FIX;TJ;TN
386550,76124677;6563271,72196315;578;219;6478-7196;FIX;TN;N9
387459,25591889;6561063,16754426;579;219;6478-6481;FIX;N9;OC
389135,76318076;6560072,53761834;580;219;6480-6481;FIX;OC;OB
378073,37448220;6584738,20594603;581;219;6338-6366;FIX;K8;KI
380186,90367885;6591280,28953839;582;219;6336-6337;FIX;KG;KH
381653,64806106;6591529,84864372;583;219;6337-7175;FIX;KH;S2
382947,04583655;6593472,94222745;584;219;7175-7176;FIX;S2;S3
391430,43001594;6556304,36597638;585;219;7197-7201;FIX;TO;TS
372503,69487879;6607150,50932299;586;219;6181-6182;FIX;F8;F7
371623,58322426;6606248,44997922;587;219;6182-6183;FIX;F9;F8
374239,50516970;6603018,83514956;588;219;6183-6211;FIX;G1;F9
385323,23525757;6587466,14099312;589;219;7178-7179;FIX;S5;S6
384698,30177744;6590501,75820335;590;219;7175-7179;FIX;S6;S2
381232,64944136;6600511,47908402;591;219;7174-7177;FIX;S4;S1
378812,63684946;6601590,14872632;592;219;6211-7174;FIX;S1;G1
385825,30372136;6581396,09112747;593;219;7180-7189;FIX;S7;TG
385193,84513326;6579738,33014490;594;219;7189-7210;FIX;TG;TY
383629,15382188;6577248,06844208;595;219;6411-7210;FIX;TY;MF
382837,12657461;6576037,20244573;596;219;6409-6411;FIX;MF;MD
382507,18331417;6575161,76631093;597;219;7184-7185;FIX;TB;TC
382069,74047869;6573379,72624099;598;219;6416-7185;FIX;TC;MJ
385087,95912652;6574241,35754203;599;219;7182-7186;FIX;TD;S9
386050,03440466;6576025,39546906;600;219;7182-7183;FIX;S9;TA
386272,38717782;6578449,67721220;601;219;7183-7187;FIX;TA;TE
387314,25819968;6581883,89092806;602;219;7188-7191;FIX;TF;TI
387723,67584363;6581324,06357856;603;219;7190-7191;FIX;TI;TH
386768,66978678;6580599,23591492;604;219;7187-7190;FIX;TH;TE
386935,48038922;6581712,47457020;605;219;7188-7189;FIX;TF;TG
391791,48070940;6551856,35210730;606;219;7202-7203;FIX;TT;TU
390146,86335521;6549176,07545144;607;219;7203-7204;FIX;TU;TV
386778,76413176;6547111,77546375;608;219;7204-7205;FIX;TV;TW
382644,11991755;6624030,45357262;609;219;7165-7166;FIX;ST;SS
379010,04128416;6608426,80902338;610;219;7170-7171;FIX;SY;SX
381385,47884280;6615297,48386572;611;219;7168-7169;FIX;SW;SV
377822,16622073;6604104,93363668;612;219;7172-7173;FIX;S0;SZ
374026,45233395;6606366,49795587;613;219;6182-7172;FIX;SZ;F8
379795,17775806;6628200,62352099;614;219;6148-7164;FIX;FA;SR
376479,24138029;6626932,57076970;615;219;6147-6148;FIX;FA;E9
385169,07982286;6584216,77914107;616;219;7178-7181;FIX;S8;S5
385388,24323133;6582626,35153755;617;219;7180-7181;FIX;S7;S8
385350,56557114;6571695,14949157;618;219;7186-7195;FIX;TM;TD
388107,60696780;6569373,11424151;619;219;7194-7195;FIX;TL;TM
387478,75773376;6566830,25955291;620;219;7192-7193;FIX;TJ;TK
388950,50156577;6563620,12574231;621;219;7196-7199;FIX;TQ;TN
392142,23030389;6562049,78354376;622;219;7199-7200;FIX;TR;TQ
394251,20024608;6560825,47828250;623;219;7198-7200;FIX;TP;TR
392486,11182637;6558853,56047943;624;219;7197-7198;FIX;TO;TP
375532,70597165;6628587,92318219;625;219;6148-6150;FIX;FC;FA
376610,48788937;6630168,14656863;626;219;6149-6150;FIX;FC;FB
375175,01920281;6631209,06952599;627;219;6096-6149;FIX;FB;DY
372004,87563459;6632253,79724389;628;219;6063-6096;FIX;DY;C1
373932,93113330;6641401,82000687;629;219;6066-6067;FIX;C5;C4
375000,34245642;6642012,39858116;630;219;6067-7162;FIX;C5;SP
376790,18416042;6641977,84501729;631;219;7161-7162;FIX;SP;SO
379217,73038554;6638934,78210405;632;219;7160-7161;FIX;SO;SN
380962,81372315;6632710,81509191;633;219;7159-7160;FIX;SN;SM
380738,28914371;6630388,90572933;634;219;6149-7157;FIX;SK;FB
376402,67478676;6642522,19486900;635;219;7156-7162;FIX;SP;SJ
374903,91813374;6646460,86046092;636;219;5998-5999;FIX;BA;BB
374324,94744902;6647541,21407883;637;219;5999-6002;FIX;BB;BD
372129,36539941;6648744,01364504;638;219;5994-6002;FIX;BD;A6
370362,91879088;6649991,18175955;639;219;5994-6001;FIX;BC;A6
376192,65167189;6650889,74770375;640;219;7152-7153;FIX;SG;SF
375724,98632216;6648672,68406401;641;219;5999-7153;FIX;SG;BB
376864,41887684;6643059,73165568;642;219;7155-7156;FIX;SJ;SI
377785,19131683;6645850,96495362;643;219;7154-7155;FIX;SI;SH
377103,58515405;6649004,95774074;644;219;7153-7154;FIX;SH;SG
385898,18094845;6548386,52703127;645;219;6487-6488;FIX;OJ;OI
346802,33076415;6552989,91068267;646;126;6440-6446;FIX;M7;ND
359963,05370966;6573909,43552963;647;126;6379-6387;FIX;LJ;LR
362677,67931829;6613141,79177403;648;125;6128-6132;FIX;ER;EV
346448,71532256;6597286,36551409;649;125;6123-6190;FIX;EN;GG
315155,03987450;6581358,70733227;650;127;6306-6316;FIX;JM;JW
315390,29057642;6577243,41357831;651;127;6306-6575;FIX;JM;QU
318703,97292038;6560449,93712450;652;127;6610-6611;FIX;RQ;RR
288914,05798877;6605492,59246347;653;0; ;NEW;T1;T2
289687,75449199;6602253,78882115;654;0; ;NEW;T1;EK
287377,92776246;6600895,35969241;655;0; ;NEW;EK;T5
286628,32019773;6594542,55112524;656;0; ;NEW;T7;T8
291538,79488711;6601096,86464139;657;0; ;NEW;EK;T4
292034,35867893;6603701,71007397;658;0; ;NEW;T3;T4
290649,19654412;6606811,91489170;659;0; ;NEW;T2;T3
292420,63236258;6607674,44688364;660;0; ;NEW;T3;EP
286617,45491981;6602039,69636799;661;0; ;NEW;T1;T5
285179,41496652;6599350,96507931;662;0; ;NEW;T5;T6
285598,25206234;6596421,50764695;663;0; ;NEW;T6;T7
287684,11575115;6593657,76794900;664;0; ;NEW;T8;T9
290780,83140904;6595322,00065049;665;0; ;NEW;T8;UA
294481,85505593;6595076,78136209;666;0; ;NEW;HP;UA
294916,43793729;6600644,44023930;667;0; ;NEW;T4;UB
296573,97838212;6600917,65968244;668;0; ;NEW;UB;EM
296876,22051680;6600957,55375433;669;0; ;NEW;EM;UC
297053,86384476;6601036,23298639;670;0; ;NEW;UC;UD
296388,00874310;6600485,02762252;671;0; ;NEW;FH;UB
296100,66956150;6605589,97808950;672;0; ;NEW;EO;UE
293986,70186978;6608151,38878888;673;0; ;NEW;UE;EP
293650,01716726;6592732,52832082;674;0; ;NEW;UA;HW
289116,18761257;6589320,24676732;675;0; ;NEW;UF;HX
289449,47315399;6587577,32649100;676;0; ;NEW;UF;UG
291417,83770928;6585828,20608512;677;0; ;NEW;UG;I9
292520,11155574;6585822,73943403;678;0; ;NEW;I9;UH
294771,08552702;6586847,95102242;679;0; ;NEW;UH;JA
300551,96319037;6599171,37010846;680;0; ;NEW;HZ;UI
299451,76413104;6600584,05933870;681;0; ;NEW;UD;UI
302222,02679685;6599923,81387231;682;0; ;NEW;UI;H0
299531,21081463;6601345,54417471;683;0; ;NEW;H1;UD
315797,39577995;6597942,33456767;684;0; ;NEW;IR;UJ
316857,93301903;6596814,89117158;685;0; ;NEW;UJ;IB
316752,31980769;6599578,30068791;686;0; ;NEW;UJ;UK
315110,70402275;6601508,79510278;687;0; ;NEW;UK;IT
305473,49719863;6601992,68401070;688;0; ;NEW;HB;UM
305200,42371097;6599719,06004104;689;0; ;NEW;UM;H2
303713,65629044;6599743,29811875;690;0; ;NEW;H2;H0
302023,52784333;6600421,53114579;691;0; ;MIS;H1;H0
301115,70239452;6596804,83254363;692;0; ;MIS;HZ;HY
310056,54144717;6600162,63914198;693;0; ;NEW;IK;UL
308410,58518197;6597513,27762201;694;0; ;NEW;IJ;UL
306990,88300675;6599352,79657542;695;0; ;NEW;UM;UL
310403,33669213;6597994,94159430;696;0; ;NEW;UL;UO
312916,91466183;6596403,70324659;697;0; ;NEW;UO;IM
310013,60089196;6595754,29989719;698;0; ;NEW;UO;UP
308661,69010086;6595050,00189984;699;0; ;NEW;UP;UQ
308726,21008601;6594886,05204734;700;0; ;NEW;UP;UR
308239,59836317;6595472,17110866;701;0; ;NEW;IJ;UQ
302604,26169482;6592040,19168805;702;0; ;NEW;H7;US
301757,30699529;6593156,39725516;703;0; ;NEW;US;HS
301749,55743758;6592317,52650995;704;0; ;NEW;US;UT
300414,76226611;6592643,55982732;705;0; ;NEW;HT;UT
301409,52592297;6591178,07319144;706;0; ;NEW;UT;H9
302810,30434304;6590242,31516471;707;0; ;NEW;H8;UU
301678,48626207;6589999,62173836;708;0; ;NEW;UU;H9
300990,63208250;6589948,98544610;709;0; ;NEW;H9;UV
302844,84558517;6587877,45464279;710;0; ;NEW;UU;UW
303983,13407324;6587437,21150621;711;0; ;NEW;UY;UW
300732,35759285;6588303,02959958;712;0; ;NEW;UV;UZ
301729,09945657;6585929,78208784;713;0; ;NEW;UW;UZ
300539,16032271;6586394,10469211;714;0; ;NEW;UZ;U0
298798,89353791;6586714,93542395;715;0; ;NEW;U0;JB
299589,01356292;6585421,46009333;716;0; ;NEW;U0;JC
296719,62317478;6587398,73478764;717;0; ;NEW;JB;U1
296033,82583240;6587596,99769315;718;0; ;NEW;U1;JA
298401,75922401;6588741,06963060;719;0; ;NEW;U1;UV
308231,50829829;6594462,30860637;720;0; ;NEW;II;UQ
308637,37239864;6594294,77432792;721;0; ;NEW;IH;UR
307035,20139521;6586727,94209779;722;0; ;NEW;JQ;U2
305595,20954680;6584589,01505037;723;0; ;NEW;U2;JP
303907,21935842;6590199,97522288;724;0; ;NEW;H8;UY
304766,84181950;6587103,02192994;725;0; ;NEW;UY;JP
311395,85258022;6594714,41696262;726;0; ;NEW;UO;IG
309913,22456167;6594110,25408791;727;0; ;NEW;UR;IG
307191,39368035;6583939,08793078;728;0; ;NEW;U2;U3
309023,54226928;6582196,52973636;729;0; ;NEW;U3;U4
309953,94406154;6579917,77980752;730;0; ;NEW;U4;VG
311165,50170747;6582537,89705653;731;0; ;NEW;U4;JO
312506,72345004;6579849,19395148;732;0; ;NEW;VG;JM
312123,58565406;6585016,72295604;733;0; ;NEW;JO;U5
312473,08252702;6585841,87703072;734;0; ;NEW;U5;JR
310268,67560262;6584136,47365713;735;0; ;NEW;U3;U5
312703,44344806;6586986,26837700;736;0; ;NEW;JR;U7
312841,98084611;6588545,11593110;737;0; ;NEW;U7;JS
311564,24575470;6589415,58654822;738;0; ;NEW;U7;U8
312587,97050153;6590682,02349854;739;0; ;NEW;JS;U8
311390,95757642;6592419,90233544;740;0; ;NEW;U8;IG
313948,96490718;6593417,41675230;741;0; ;NEW;U8;IF
316305,06913329;6594226,34004621;742;0; ;NEW;VH;IF
315152,29814515;6595530,29625216;743;0; ;NEW;VH;IM
316345,40943310;6595169,23692509;744;0; ;NEW;VH;VI
316386,95392339;6592114,03728907;745;0; ;NEW;JT;U9
317035,77024671;6591326,00851907;746;0; ;NEW;JT;VA
315466,49039485;6590079,83327729;747;0; ;NEW;U9;VA
314218,55193506;6590179,27413407;748;0; ;NEW;U9;JS
314136,01962073;6587270,42221586;749;0; ;NEW;VA;JO
319798,72986212;6589401,37574685;750;0; ;NEW;J3;VB
318298,53645157;6588049,68621339;751;0; ;NEW;VB;J2
319092,92682287;6586855,43019865;752;0; ;NEW;J2;VC
320653,18946857;6586733,24369512;753;0; ;NEW;J1;VC
320664,17859635;6601694,97048870;754;0; ;NEW;IW;VF
321797,05134590;6602600,28192047;755;0; ;NEW;VF;I3
316722,08247490;6602335,44012978;756;0; ;NEW;UK;IU
311053,57100157;6608097,22938761;757;0; ;NEW;VL;G8
313856,12009748;6607797,04712793;758;0; ;NEW;G9;VK
312160,30373137;6610136,95786821;759;0; ;NEW;VK;G8
307373,92946069;6608939,73525069;760;0; ;NEW;G3;VL
308977,96778554;6605953,16520912;761;0; ;NEW;VL;HA
319399,94979798;6605076,70621151;762;0; ;NEW;VF;VM
320774,47596581;6606670,66691791;763;0; ;NEW;VM;I4
317634,30396926;6608948,78425881;764;0; ;NEW;VM;HM
323873,56868054;6581989,48500995;765;0; ;NEW;JY;VE
323122,37175367;6583554,02788707;766;0; ;NEW;J0;VE
325018,74130809;6584975,13035243;767;0; ;NEW;J9;VE
322249,20676752;6583611,39367601;768;0; ;NEW;J0;VD
320202,22642132;6584203,00941784;769;0; ;NEW;VD;VC
319563,93768310;6582002,91929452;770;0; ;NEW;JV;VD
333899,82880649;6585951,97267892;771;0; ;NEW;N1;VN
333430,17227883;6588785,50184790;772;0; ;NEW;VN;VO
331398,28303389;6590482,02485199;773;0; ;NEW;VP;VO
336212,47439708;6587724,36129019;774;0; ;NEW;VN;VQ
335975,85837034;6586813,78372643;775;0; ;NEW;VN;VR
336897,41187365;6587196,37954083;776;0; ;NEW;VR;VQ
336158,17672082;6585262,89546259;777;0; ;NEW;VY;VR
333248,75218059;6594009,47542226;778;0; ;NEW;VX;NP
330768,64074920;6593870,98740763;779;0; ;NEW;NQ;VX
329822,91360441;6590106,09839064;780;0; ;NEW;J6;VP
338668,59441058;6585895,10417041;781;0; ;NEW;VR;VW
339472,85427115;6583709,91682108;782;0; ;NEW;KS;VW
341127,78043349;6585063,03614312;783;0; ;NEW;VW;KN
336681,73423341;6583308,45675527;784;0; ;NEW;KS;VY
338806,33233466;6588761,92802932;785;0; ;NEW;VQ;VV
341201,17920670;6589444,25368544;786;0; ;NEW;VU;VV
341170,11125393;6591250,67856631;787;0; ;NEW;VU;VT
339287,25391815;6597540,92562536;788;0; ;MIS;D3;D7
335369,37702800;6600856,07426059;789;0; ;NEW;D4;VZ
334621,73140245;6601998,96480161;790;0; ;NEW;VZ;BM
337152,24061956;6601690,96513397;791;0; ;NEW;D4;V0
339527,89034590;6601892,04272136;792;0; ;NEW;V0;D2
337389,17175955;6603612,34845488;793;0; ;NEW;V1;V0
335645,68299776;6604574,97131239;794;0; ;NEW;V1;V2
334908,77696031;6604622,19828769;795;0; ;NEW;V2;V3
333605,17028338;6604233,04635714;796;0; ;NEW;V3;V4
334836,00434866;6603504,12220213;797;0; ;NEW;BM;V2
333270,55004449;6603220,33081296;798;0; ;NEW;BM;V4
332159,96192295;6603931,88081127;799;0; ;NEW;V4;V5
331341,75943846;6603778,49055175;800;0; ;NEW;V5;BL
331507,46612984;6602007,07873668;801;0; ;NEW;V5;V6
333471,24294073;6600658,04271712;802;0; ;NEW;V6;VZ
329614,37828303;6600347,67679009;803;0; ;NEW;V7;V6
329413,89306573;6602794,65705078;804;0; ;NEW;V7;BL
326818,61393891;6601451,56169818;805;0; ;NEW;V7;I8
331849,51661510;6598884,44327551;806;0; ;NEW;V6;V8
328949,70846370;6597113,88628021;807;0; ;NEW;V8;NT
331424,13275870;6595668,61672422;808;0; ;NEW;NR;V9
333380,66583839;6597728,15462192;809;0; ;NEW;V9;WA
334216,36313400;6598954,63960618;810;0; ;NEW;WA;D5
332630,81459791;6597760,02678097;811;0; ;NEW;V8;V9
332967,38707239;6596118,76877948;812;0; ;NEW;WA;VX
327643,64056233;6604409,96561994;813;0; ;NEW;V7;WB
329625,87523488;6605550,42260136;814;0; ;NEW;BL;WB
327964,13033444;6607425,30044782;815;0; ;NEW;WB;BK
330476,66654810;6609718,22059398;816;0; ;NEW;WC;WD
328494,66278951;6608462,72939467;817;0; ;NEW;BK;WC
327555,98110304;6610780,86488947;818;0; ;NEW;BJ;WC
332037,62010505;6611279,32702070;819;0; ;NEW;WD;BH
332154,52369491;6609671,07334293;820;0; ;NEW;WD;WE
334113,90488828;6609491,99307878;821;0; ;NEW;WE;WF
332709,06210114;6606777,57517428;822;0; ;NEW;WE;V3
342389,69888249;6594209,54007397;823;0; ;NEW;VT;SC
345355,01290152;6588985,33422170;824;0; ;NEW;GN;WG
344880,76073828;6592382,95539409;825;0; ;NEW;GF;WG
343229,90906996;6590198,48841849;826;0; ;NEW;VU;WG
342067,41712254;6585152,84109570;827;0; ;NEW;KN;WH
342131,49815135;6587204,10765376;828;0; ;NEW;VV;WH
344766,68884716;6587244,27838652;829;0; ;NEW;GN;WO
346164,04839129;6587440,85944434;830;0; ;NEW;WO;GM
345678,07062319;6586227,06524142;831;0; ;NEW;WO;WK
347012,11818801;6585206,97189775;832;0; ;NEW;WK;WL
348299,10065927;6585970,99351531;833;0; ;NEW;WL;GM
348380,45734864;6584523,35488679;834;0; ;NEW;WL;WP
345968,21418155;6584227,82685452;835;0; ;NEW;WK;WJ
344221,37556728;6582834,64372105;836;0; ;NEW;WI;WM
343100,06265609;6584489,29561169;837;0; ;NEW;WH;WI
344595,70537236;6584218,32795167;838;0; ;NEW;WI;WJ
344583,19864859;6585815,87590667;839;0; ;NEW;GN;WJ
342740,17026596;6582903,47611925;840;0; ;NEW;KN;WM
344331,13095699;6580787,44046810;841;0; ;NEW;WM;KQ
341402,65042323;6577270,38694378;842;0; ;NEW;SB;WQ
343222,56961346;6578676,10397737;843;0; ;NEW;WQ;KQ
342394,97700738;6576073,36916416;844;0; ;NEW;WQ;WR
333994,14412541;6582329,08318611;845;0; ;NEW;ON;VY
330911,89517650;6577407,78530852;846;0; ;NEW;OM;WS
333872,46237805;6576492,24745167;847;0; ;NEW;WS;N0
324125,72085500;6577328,49845710;848;0; ;NEW;QW;WT
325789,57256370;6576166,85421227;849;0; ;NEW;WT;OL
324244,08728833;6575306,98449164;850;0; ;NEW;WT;OQ
325522,96619105;6571452,34666356;851;0; ;NEW;OP;WW
329667,55159116;6572803,20412959;852;0; ;NEW;OR;WU
331226,20502930;6571501,47747464;853;0; ;NEW;WU;UN
332695,73189241;6569745,24386319;854;0; ;NEW;UN;LI
327151,39548271;6570036,17076171;855;0; ;NEW;WW;WV
329067,52989750;6571172,09909003;856;0; ;NEW;WV;WU
330696,92189600;6569018,30647590;857;0; ;NEW;WV;WX
329221,38492350;6567646,58199848;858;0; ;NEW;WW;WX
333423,11972455;6567613,82417703;859;0; ;NEW;WX;OO
324607,81863430;6569093,25075968;860;0; ;NEW;WY;WW
323185,01447320;6567752,82178639;861;0; ;NEW;R2;WY
323228,96166008;6569873,32389553;862;0; ;NEW;QX;WY
332943,98183005;6565165,21143545;863;0; ;NEW;OO;WZ
332459,71113194;6562686,27651553;864;0; ;NEW;W0;WZ
334204,54784210;6562727,65507796;865;0; ;NEW;WZ;PK
329502,42695545;6562606,31158806;866;0; ;NEW;PQ;W0
327912,94959510;6559235,97421825;867;0; ;NEW;PP;W1
328805,34915907;6558125,16500076;868;0; ;NEW;W1;PO
330592,32683999;6558701,71695190;869;0; ;NEW;PO;W2
333243,59780428;6561475,34497626;870;0; ;NEW;6S;PK
334772,67066588;6559862,93912601;871;0; ;NEW;W2;MX
340861,17654622;6561536,52578622;872;0; ;NEW;W3;MW
338886,84810247;6562764,58131227;873;0; ;NEW;MX;W3
341335,16467458;6562908,35930040;874;0; ;NEW;W3;W4
340471,42696762;6564470,37479145;875;0; ;NEW;W4;W5
336344,58471337;6566050,59337012;876;0; ;NEW;LH;W5
337116,08751808;6569225,36465645;877;0; ;NEW;LH;W6
338046,33242400;6570958,70368747;878;0; ;NEW;LD;W6
341064,26898490;6573686,81435639;879;0; ;NEW;WR;W8
340589,76475113;6571596,72670019;880;0; ;NEW;W6;W8
340067,34688820;6570701,99500650;881;0; ;NEW;W6;W7
330719,45124443;6556660,12107620;882;0; ;NEW;PO;XA
333197,31268429;6555491,95560230;883;0; ;NEW;XA;W9
335574,92390693;6555671,77289734;884;0; ;NEW;W9;PN
334255,79975004;6553828,64325227;885;0; ;NEW;W9;XB
325130,16902783;6553605,26327321;886;0; ;NEW;RX;XC
324573,43292048;6554561,59626330;887;0; ;NEW;XC;RW
327667,86438282;6554441,40808538;888;0; ;NEW;P2;XD
328104,84949007;6553683,02226582;889;0; ;NEW;XD;P1
330195,64559287;6554169,24754881;890;0; ;NEW;XA;XD
323397,59028520;6556618,53062417;891;0; ;NEW;RU;XE
324602,12066422;6556983,93969574;892;0; ;NEW;XE;XF
325386,53902563;6557081,38394882;893;0; ;NEW;XF;XG
325072,02241541;6556116,07337532;894;0; ;NEW;XE;XG
327079,67066473;6557326,34694319;895;0; ;NEW;XG;W1
325225,21080187;6558271,59626796;896;0; ;NEW;XF;RT
321953,73884661;6561347,44429589;897;0; ;NEW;RS;R4
322348,54140324;6564834,81031151;898;0; ;NEW;XH;R2
321155,14197131;6563018,45059586;899;0; ;NEW;R8;XH
321363,51838841;6562179,61461662;900;0; ;NEW;XH;R6
320827,99232412;6561908,58392469;901;0; ;NEW;R6;XI
320014,68441275;6561770,55322830;902;0; ;NEW;XI;XJ
319913,59297293;6561524,03640271;903;0; ;NEW;XJ;RR
320122,06077587;6560724,23294022;904;0; ;NEW;RR;XK
320964,72845672;6560905,01852069;905;0; ;NEW;RS;XI
320731,97885865;6558715,46652546;906;0; ;NEW;XK;RV
320776,68598424;6556364,69889236;907;0; ;NEW;RV;XL
322262,86869826;6554703,53375220;908;0; ;NEW;XL;XC
319982,19723271;6555373,88721213;909;0; ;NEW;R0;XL
329089,64058881;6552130,78489286;910;0; ;NEW;P1;XM
322989,77974624;6547162,16170777;911;0; ;NEW;XN;RY
324089,95817761;6545303,71191016;912;0; ;NEW;XN;XO
320589,70456695;6546231,50453818;913;0; ;NEW;XN;RI
318443,05411131;6546907,58093926;914;0; ;NEW;RI;XP
317871,49158648;6544876,88148342;915;0; ;NEW;XP;XQ
316461,04891905;6545866,68491062;916;0; ;NEW;XP;XR
314814,87537654;6544699,90269184;917;0; ;NEW;XR;RJ
316188,86397580;6543602,65433469;918;0; ;NEW;XT;XQ
314539,74631512;6543329,21287605;919;0; ;NEW;RJ;XT
314493,37205342;6542256,88001496;920;0; ;NEW;XT;XS
311283,80440456;6540557,84417014;921;0; ;NEW;XS;XU
309746,25244691;6542498,89570193;922;0; ;NEW;XV;XW
312234,95459090;6543025,82495832;923;0; ;NEW;XW;RJ
310093,54684562;6544575,26849357;924;0; ;NEW;XX;XW
310067,36588576;6546986,40654172;925;0; ;NEW;RK;XX
309141,02241073;6546066,27043614;926;0; ;NEW;XX;XY
307280,02180548;6545357,48539173;927;0; ;NEW;XY;XZ
305962,78227738;6547045,55100655;928;0; ;NEW;XY;X0
314859,61792493;6547375,34913115;929;0; ;NEW;XR;YF
313385,44360681;6548631,04298041;930;0; ;NEW;RG;X1
311937,01002654;6547907,86207808;931;0; ;NEW;RK;X1
312538,64790683;6549033,76973532;932;0; ;NEW;X1;X2
313575,43242016;6549804,52196338;933;0; ;NEW;RF;X3
312166,07586546;6549637,05796884;934;0; ;NEW;X2;X3
311284,29372692;6549260,12621205;935;0; ;NEW;SA;X2
309671,53109668;6550319,86212187;936;0; ;NEW;RL;X5
310572,52227006;6551497,32676430;937;0; ;NEW;X5;RO
311796,31089463;6551019,99158127;938;0; ;NEW;RO;X4
312284,99304238;6550406,02780158;939;0; ;NEW;X3;X4
313013,43518057;6551702,13440995;940;0; ;NEW;X4;RP
310849,42176969;6552905,91618066;941;0; ;NEW;RO;X6
308908,98890444;6554809,66479130;942;0; ;NEW;X6;RN
310336,00529296;6554960,11781343;943;0; ;NEW;X6;X7
312501,24632725;6554046,20147635;944;0; ;NEW;RP;X7
316130,83659184;6553876,57308653;945;0; ;NEW;R1;X8
315418,81022076;6556844,69589165;946;0; ;NEW;X8;YA
316922,98164740;6557001,16812964;947;0; ;NEW;X8;RQ
318773,58320151;6557707,81933660;948;0; ;NEW;X9;XK
307896,44761953;6551241,77236437;949;0; ;NEW;X5;YG
304127,79722952;6550709,76910138;950;0; ;NEW;RM;YJ
305848,81711882;6552404,82027080;951;0; ;NEW;RM;YG
307242,49846326;6553357,35385759;952;0; ;NEW;YG;RN
312010,69167078;6558433,27658895;953;0; ;NEW;YB;X7
309738,03752798;6557739,60749384;954;0; ;NEW;RC;X7
308602,88224411;6559981,69786555;955;0; ;NEW;RC;YC
304063,67981292;6553961,89066638;956;0; ;NEW;Q3;YN
302839,02803516;6555227,06197774;957;0; ;NEW;Q3;YO
300998,68867882;6555245,09105447;958;0; ;NEW;YO;Q4
301512,86475389;6553849,35186740;959;0; ;NEW;YO;YL
299138,14909837;6554085,37284495;960;0; ;NEW;YP;YM
316445,40654674;6559794,41078474;961;0; ;NEW;RQ;YA
314288,05052314;6560212,59071766;962;0; ;NEW;YA;RA
320385,06430752;6562609,53826475;963;0; ;NEW;R8;XJ
311337,01281798;6565632,83830507;964;0; ;NEW;Q9;YD
310552,44500750;6566529,59679490;965;0; ;NEW;Q8;YD
312427,02032523;6561608,14762932;966;0; ;NEW;RA;YB
310334,59441826;6563599,99405866;967;0; ;NEW;YB;YD
309801,75707919;6560777,31166276;968;0; ;NEW;YB;YC
309232,67241798;6568682,74369844;969;0; ;NEW;YE;QO
382655,01054576;6575674,67395888;970;0; ;MIS;MD;TB
342417,51478132;6570856,48016843;971;0; ;NEW;W7;LE
340609,90399415;6566125,28640174;972;0; ;NEW;W5;LG
306508,50350271;6559535,84154866;973;0; ;NEW;YC;YQ
304304,18804491;6561069,22264114;974;0; ;NEW;YQ;YR
302746,43656619;6560987,58233891;975;0; ;NEW;YR;YS
303397,29897886;6562535,10123621;976;0; ;NEW;YU;YT
302264,80595687;6562181,43891977;977;0; ;NEW;YU;YV
303383,94826029;6562236,25090527;978;0; ;NEW;YT;YR
301411,50296253;6560825,21877460;979;0; ;NEW;YS;YV
299834,22895354;6562991,61274953;980;0; ;NEW;YV;YW
297670,87481710;6563121,30180849;981;0; ;NEW;YW;YX
299285,11709106;6560826,14757211;982;0; ;NEW;YV;QE
297784,51723900;6561479,14367959;983;0; ;NEW;QE;YW
296610,11646636;6557966,44262094;984;0; ;NEW;QC;Y0
297891,12139005;6555929,63632519;985;0; ;NEW;Y0;YP
299458,60727121;6555274,62197056;986;0; ;NEW;YP;Q4
296347,47019709;6555313,62065156;987;0; ;NEW;Y0;Y3
294264,57546131;6555749,02049062;988;0; ;NEW;Y1;Y4
294999,37518003;6558402,25570887;989;0; ;NEW;QB;Y1
293331,79584708;6557190,51808846;990;0; ;NEW;Y1;Y2
292180,24444491;6559615,49588876;991;0; ;NEW;Y2;Y6
290219,86873715;6562132,23340027;992;0; ;NEW;Y6;Y7
291699,73497399;6562825,15545917;993;0; ;NEW;Y6;QG
296541,22593780;6562877,74242015;994;0; ;NEW;YZ;YX
296267,73177996;6560751,82737584;995;0; ;NEW;YZ;QD
298031,79724681;6564770,69309903;996;0; ;NEW;YX;QA
295362,81923219;6563515,18422446;997;0; ;NEW;P9;YZ
293601,83299318;6564339,37975557;998;0; ;NEW;P9;QF
298371,69290262;6566430,99017868;999;0; ;NEW;QA;ZA
299716,56756399;6567457,70193738;1000;0; ;NEW;ZA;QT
300829,75267958;6565957,99145665;1001;0; ;NEW;ZA;ZB
303115,03660056;6564046,33296513;1002;0; ;NEW;ZB;YU
306854,49675828;6564596,51056629;1003;0; ;NEW;Q8;YT
302309,49702642;6567339,44284059;1004;0; ;NEW;QS;ZB
302421,20665565;6569281,17062860;1005;0; ;NEW;QR;ZC
305809,27224944;6568564,34663839;1006;0; ;NEW;ZC;YE
307615,89342942;6571424,59088721;1007;0; ;NEW;QP;YE
304512,09121236;6572240,63093223;1008;0; ;NEW;ZD;QQ
303527,83695941;6570397,04824966;1009;0; ;NEW;ZC;ZD
302800,77981454;6571182,27035200;1010;0; ;NEW;ZD;ZE
301347,78323842;6571020,89284557;1011;0; ;NEW;ZE;ZF
299620,41526644;6570722,02400795;1012;0; ;NEW;P7;ZF
301448,64879121;6574805,41731459;1013;0; ;NEW;ZG;QH
303163,85965668;6574735,83424370;1014;0; ;NEW;QJ;QH
299033,68162654;6573222,87622998;1015;0; ;NEW;ZG;P6
301997,28482283;6570243,85025123;1016;0; ;NEW;QR;ZE
300615,30160484;6572609,19957645;1017;0; ;NEW;ZF;ZG
291852,07783062;6566213,80600585;1018;0; ;NEW;P3;Y9
291779,10620201;6564495,71516688;1019;0; ;NEW;Y9;QF
290343,18220201;6565939,70557277;1020;0; ;NEW;Y9;Y8
291394,90681326;6570068,18024260;1021;0; ;NEW;P3;P4
310350,07978612;6577527,80331581;1022;0; ;NEW;QL;VG
289643,36209311;6574978,82951317;1023;0; ;NEW;ZH;ZI
291000,93579974;6577122,66139383;1024;0; ;NEW;ZH;ZJ
291540,93435356;6574849,03692499;1025;0; ;NEW;ZH;P4
292160,21069937;6577359,63646477;1026;0; ;NEW;ZH;JL
296004,25415141;6579900,66640009;1027;0; ;NEW;JK;ZK
297070,22666537;6581277,51706193;1028;0; ;NEW;ZK;JD
306957,05603389;6580703,69701644;1029;0; ;NEW;JG;U4
303531,51930554;6584433,38290157;1030;0; ;NEW;UW;JE
294861,22402669;6583501,82068404;1031;0; ;NEW;UH;ZK
290430,35283789;6581527,95468402;1032;0; ;NEW;ZL;ZM
290055,90758774;6585646,33953199;1033;0; ;NEW;UG;ZN
287394,21205944;6587916,37805947;1034;0; ;NEW;ZO;UF
283730,24900752;6593354,62112220;1035;0; ;NEW;T7;ZQ
285409,16010669;6590562,79286013;1036;0; ;NEW;T9;ZP
299928,70904187;6608269,72417766;1037;0; ;NEW;FG;ZR
300858,64721427;6606829,85566000;1038;0; ;NEW;FF;ZR
304031,51211535;6608407,44165902;1039;0; ;NEW;ZR;G3
295201,96587818;6608673,56072395;1040;0; ;NEW;UE;ZS
297091,84721824;6608811,57625118;1041;0; ;NEW;ZS;FG
296126,19098223;6609778,41348321;1042;0; ;NEW;ZS;ZT
291573,05303802;6608374,81541372;1043;0; ;NEW;T2;ZU
293400,28578957;6608989,85100688;1044;0; ;NEW;ZU;EP
294542,95740870;6609728,98358153;1045;0; ;NEW;ZU;ZT
297974,39928588;6611662,40803120;1046;0; ;NEW;ZT;ZV
300748,90238538;6612573,11582810;1047;0; ;NEW;ZV;ZW
299809,41096439;6610455,57798245;1048;0; ;NEW;FG;ZW
302468,65709740;6612515,19946869;1049;0; ;NEW;ZW;GU
301887,66129690;6614107,29264964;1050;0; ;NEW;ZV;ZX
303827,95191587;6614362,75490274;1051;0; ;NEW;ZX;GU
305745,29759716;6615239,11827436;1052;0; ;NEW;ZX;G7
309950,77010936;6618980,65281233;1053;0; ;NEW;G7;ZY
313621,31064081;6619843,79764219;1054;0; ;NEW;ZY;ZZ
312980,88729557;6617271,53695955;1055;0; ;NEW;ZZ;HE
313270,36739487;6610126,92638386;1056;0; ;NEW;VK;HN
318201,76413831;6619251,41020798;1057;0; ;NEW;Z0;HJ
317609,95043946;6620709,85739875;1058;0; ;NEW;Z0;AH
315630,82615941;6619630,43482326;1059;0; ;NEW;ZZ;Z0
314979,60224596;6622096,28543822;1060;0; ;NEW;Z1;HG
317519,27164670;6622110,71889231;1061;0; ;NEW;Z1;AH
317402,66325300;6623881,33642806;1062;0; ;NEW;Z1;Z2
318377,35565217;6624681,72566996;1063;0; ;NEW;Z2;T0
313199,01982220;6621225,19228456;1064;0; ;NEW;ZY;HG
323860,80066951;6619047,15074777;1065;0; ;NEW;HI;AC
335261,32473593;6551490,55042084;1066;0; ;NEW;XB;Z4
292584,49280441;6556668,72423226;1067;0; ;NEW;Y2;Y5
283172,48708768;6597851,45064756;1068;0; ;NEW;Z5;T6
391983,78907022;6553402,63022057;1069;0; ;MIS;OG;TS
316656,88915735;6595922,38314280;1070;0; ;NEW;IB;VI
317468,67047140;6594819,44765612;1071;0; ;NEW;VI;IC
332582,69370260;6591587,51987791;1072;0; ;NEW;Z6;Z7
330639,20477658;6592602,60836109;1073;0; ;NEW;NQ;Z7
333578,03504455;6591206,43516482;1074;0; ;NEW;Z6;VO
334422,76075579;6592717,91919937;1075;0; ;NEW;NP;Z7
330493,62218691;6591549,39751031;1076;0; ;NEW;Z7;Z8
330460,24091847;6591173,26202351;1077;0; ;NEW;Z8;VP
328853,80765397;6591563,72261993;1078;0; ;NEW;Z8;Z9
335701,23583005;6547690,83909762;1079;0; ;NEW;0A;0B
336754,71278015;6549658,30597841;1080;0; ;NEW;Z4;0A
338107,63201093;6548557,23168207;1081;0; ;NEW;0A;NG
341765,72535134;6552937,22485847;1082;0; ;NEW;M6;0D
341819,34670422;6549164,66354420;1083;0; ;NEW;NG;0D
345161,91863110;6551347,10655137;1084;0; ;NEW;0D;NE
347039,89682254;6551683,23366609;1085;0; ;NEW;NE;0E
342987,37759058;6549305,88901280;1086;0; ;NEW;0A;0E
344619,54498598;6556157,44753883;1087;0; ;NEW;0F;0G
342527,56559838;6554919,68003085;1088;0; ;NEW;M6;0F
344955,71993455;6554141,47210265;1089;0; ;NEW;0F;M7
346625,32564685;6556686,55341638;1090;0; ;NEW;0G;M8
345683,63272771;6558464,09909386;1091;0; ;NEW;M9;0G
342695,96360463;6563825,15519103;1092;0; ;NEW;W4;MU
347588,16449055;6561298,19768384;1093;0; ;NEW;0H;M1
349457,78146388;6563225,69041250;1094;0; ;NEW;0H;0I
349576,61522335;6566262,95562213;1095;0; ;NEW;LM;0I
344317,61608820;6567910,94743351;1096;0; ;NEW;LF;0J
342724,76419944;6566701,77358903;1097;0; ;NEW;0J;LG
341254,60054813;6568593,51485359;1098;0; ;NEW;W7;0J
343762,86276079;6575268,47548220;1099;0; ;NEW;0K;WR
343220,28299455;6573510,17035007;1100;0; ;NEW;0K;W8
345488,85715478;6574002,88433890;1101;0; ;NEW;0K;KZ
347984,55403404;6565912,62501146;1102;0; ;NEW;LN;0H
348179,87843353;6582250,04617554;1103;0; ;NEW;WP;0L
349147,51822577;6580304,73555411;1104;0; ;NEW;0L;0T
348331,70677862;6579545,86747410;1105;0; ;NEW;0L;0M
348349,65077660;6579217,99517102;1106;0; ;NEW;0M;0O
348531,50504886;6578663,96119257;1107;0; ;NEW;0O;0P
348235,78766341;6578757,94927706;1108;0; ;NEW;0R;0O
347797,17509985;6578430,69990571;1109;0; ;NEW;0R;0S
347918,41388935;6579414,73892519;1110;0; ;NEW;0M;0N
347844,93219280;6578847,43457257;1111;0; ;NEW;0N;0R
346159,64891707;6579529,33885562;1112;0; ;NEW;0N;KQ
349467,73163096;6582388,20999228;1113;0; ;NEW;WP;0T
350063,86722599;6579827,65477937;1114;0; ;NEW;0T;K0
349588,89311379;6578683,00799260;1115;0; ;NEW;0P;K0
348696,93997842;6578307,54739650;1116;0; ;NEW;0P;KX
348039,79654489;6578436,83010576;1117;0; ;NEW;KT;0R
347962,28712659;6578207,93435766;1118;0; ;NEW;KT;0Q
350308,62990630;6578020,68629869;1119;0; ;NEW;KX;KW
349894,16694691;6577461,08681354;1120;0; ;NEW;KX;0V
351287,04541618;6577249,57737959;1121;0; ;NEW;KW;0V
346228,65667591;6576634,21800493;1122;0; ;NEW;0S;0K
348120,38004363;6576058,52155545;1123;0; ;NEW;0Q;KU
351238,91786253;6576453,58513551;1124;0; ;NEW;0V;KV
352101,64854310;6578037,81714791;1125;0; ;MIS;KW;K1
354564,98482994;6575834,42247285;1126;0; ;NEW;KW;0W
357586,65885636;6574201,46975414;1127;0; ;NEW;0W;LJ
356025,50982899;6573434,99648492;1128;0; ;NEW;0X;0W
347731,84493852;6578211,56856830;1129;0; ;NEW;0Q;0S
321835,11865783;6587990,35314434;1130;0; ;MIS;J1;KA
323067,27956732;6551818,86574732;1131;0; ;MIS;RZ;RX
322436,74524043;6549240,31914095;1132;0; ;MIS;RZ;RY
320121,68325681;6552561,11756835;1133;0; ;MIS;RZ;R0
315026,11731922;6603623,33376373;1134;0; ;MIS;6R;IT
315965,62691261;6623123,32251817;1135;0; ;MIS;HG;T0
359718,13324093;6574102,14820565;1136;0; ;NEW;LJ;LS
358779,56564263;6574077,44976318;1137;0; ;NEW;LO;0U
359593,17003453;6574472,73492767;1138;0; ;NEW;0U;YY
355885,53823548;6571978,46739484;1139;0; ;NEW;LK;0X
354360,55542486;6571183,50295598;1140;0; ;NEW;0X;LL
362307,10482865;6570238,16916618;1141;0; ;NEW;LQ;WN
360426,54702693;6572209,11810008;1142;0; ;NEW;0U;WN
362097,52740069;6572363,12152043;1143;0; ;NEW;WN;LR
350214,92971731;6575276,00883889;1144;0; ;NEW;KU;KV
357464,99297551;6572964,58783664;1145;0; ;NEW;LK;LO
360939,89712629;6574628,71672322;1146;0; ;NEW;YY;LS
359957,00245659;6575904,43579865;1147;0; ;NEW;0Y;YY
359614,15424746;6577814,15586046;1148;0; ;NEW;K7;0Y
358805,84043845;6581556,07138769;1149;0; ;MIS;K2;0Z
356715,10835933;6583734,05463780;1150;0; ;NEW;GK;0Z
359896,05097121;6583264,50408916;1151;0; ;NEW;0Z;00
360406,94608893;6581272,16085850;1152;0; ;NEW;K7;00
363279,27010593;6583985,14093351;1153;0; ;NEW;00;GR
367195,01390162;6583601,45860636;1154;0; ;NEW;KM;GR
372870,75865526;6582580,15710508;1155;0; ;NEW;KL;KK
372295,31604429;6586525,18203311;1156;0; ;NEW;01;KD
375047,17617526;6585525,20271183;1157;0; ;NEW;01;02
374125,28068366;6584659,23788856;1158;0; ;NEW;KK;01
376470,91388157;6585680,78382016;1159;0; ;NEW;02;03
377280,24722174;6585276,74047639;1160;0; ;NEW;KI;03
379307,09027512;6586571,52506316;1161;0; ;NEW;03;6Q
381431,07401047;6586799,25973813;1162;0; ;NEW;04;05
380299,38015902;6585433,08084231;1163;0; ;NEW;K8;05
383147,31079081;6585066,30644752;1164;0; ;NEW;05;S5
379939,98193542;6583418,63896072;1165;0; ;NEW;K8;06
380518,45320671;6581620,85920757;1166;0; ;NEW;06;07
383132,60228170;6582341,54884518;1167;0; ;NEW;06;S7
379344,23801739;6578065,37675670;1168;0; ;NEW;08;09
380242,24857714;6580892,81299362;1169;0; ;NEW;07;08
379278,94871994;6581215,32199619;1170;0; ;NEW;LB;07
376532,94609362;6579766,65209000;1171;0; ;NEW;LC;LB
381834,34757891;6578730,97833498;1172;0; ;NEW;08;MF
380641,65117317;6573563,01671275;1173;0; ;NEW;MA;MD
378915,06565305;6571993,74771794;1174;0; ;NEW;MA;MI
383680,35715921;6576812,41591239;1175;0; ;NEW;TZ;TB
380303,46310931;6575489,90155058;1176;0; ;NEW;09;ME
377472,83740177;6576446,71163828;1177;0; ;NEW;09;MC
369071,88752179;6578529,86013411;1178;0; ;NEW;1D;K3
368888,10075325;6581146,92045185;1179;0; ;NEW;KM;1D
366899,45398391;6579396,62280834;1180;0; ;NEW;1D;1E
362597,23001180;6577520,30987500;1181;0; ;NEW;0Y;1E
362197,18831679;6573505,88556251;1182;0; ;NEW;LS;LR
364619,38512577;6570086,51863801;1183;0; ;NEW;L6;LQ
364063,93743881;6572982,33721014;1184;0; ;NEW;LR;LV
365670,95402251;6572902,85446885;1185;0; ;NEW;LV;K4
365859,03338320;6576649,36069228;1186;0; ;NEW;1E;K5
370725,23906264;6573695,98209204;1187;0; ;NEW;L7;6P
384272,01739321;6578115,46392208;1188;0; ;MIS;TY;TZ
384885,14014693;6579024,93560856;1189;0; ;NEW;TZ;TE
371113,66263953;6570977,55073963;1190;0; ;NEW;LX;MB
369887,38203350;6570372,16936797;1191;0; ;NEW;1G;6P
371793,13499647;6568777,19012958;1192;0; ;NEW;1G;LZ
370176,96997866;6567386,33569089;1193;0; ;NEW;1G;L0
370826,95136471;6566999,13334549;1194;0; ;NEW;LZ;L2
332683,02313200;6573936,76401414;1195;0; ;NEW;WS;UN
380662,76113585;6589487,13253051;1196;0; ;NEW;KG;04
384314,83082497;6566499,18543662;1197;0; ;NEW;1F;1I
384457,77977713;6567792,50301254;1198;0; ;NEW;1F;ML
382255,11338888;6567948,85193154;1199;0; ;NEW;1F;MM
385278,31509130;6567110,81858793;1200;0; ;NEW;1I;ML
385856,89404646;6565897,93476514;1201;0; ;NEW;1I;TJ
372301,11054499;6569270,06085574;1202;0; ;NEW;MB;LZ
372933,97483237;6567334,98199821;1203;0; ;NEW;MG;1J
390288,31770502;6559368,67526248;1204;0; ;NEW;OB;TO
390112,20174912;6554729,81075937;1205;0; ;NEW;OF;1M
386712,70827859;6554415,01767309;1206;0; ;NEW;OE;1K
386920,05124541;6552955,68995525;1207;0; ;NEW;1K;1L
388792,45443628;6553243,65290802;1208;0; ;NEW;1L;1M
390999,88190284;6553071,39699334;1209;0; ;NEW;1M;OG
387790,12632929;6551701,40727718;1210;0; ;NEW;1L;OK
385739,77221005;6552640,74600756;1211;0; ;NEW;1K;1N
386431,65846396;6548430,07408481;1212;0; ;NEW;TW;OJ
385210,75230527;6546946,86591771;1213;0; ;NEW;1O;PH
385833,83436220;6547880,26581461;1214;0; ;NEW;OI;1O
385173,57746855;6547812,24348717;1215;0; ;NEW;1P;OI
384019,98144080;6547580,07075422;1216;0; ;NEW;1P;PI
383931,64768666;6545780,78521387;1217;0; ;NEW;PH;1Q
382730,50037256;6544775,69688083;1218;0; ;NEW;1Q;PX
381385,02927737;6550610,09395199;1219;0; ;NEW;VJ;1R
378428,10368190;6551600,13016557;1220;0; ;NEW;1R;1S
376509,61984891;6550638,67037442;1221;0; ;NEW;1S;PS
376604,12688863;6551703,57314990;1222;0; ;NEW;1S;1T
373061,80558552;6555063,94991157;1223;0; ;NEW;1V;1U
373588,91160677;6553750,66360150;1224;0; ;NEW;O7;1V
374380,80498535;6553196,41218614;1225;0; ;NEW;O8;1U
372875,97184035;6556148,47998056;1226;0; ;NEW;1U;N8
371954,53796754;6556378,43706841;1227;0; ;NEW;1X;N8
372197,06733569;6556803,14197894;1228;0; ;NEW;N8;1Y
371215,15681813;6557624,44382193;1229;0; ;NEW;1Y;1Z
369536,58346853;6557451,69097095;1230;0; ;NEW;NM;1Z
369934,39168622;6558548,05295918;1231;0; ;NEW;1Z;NX
370155,80773754;6556489,86896364;1232;0; ;NEW;NM;1X
366997,20345639;6558136,92232743;1233;0; ;NEW;1Z;10
375575,34729645;6552796,89448144;1234;0; ;NEW;O7;1T
378545,73663047;6554848,71428747;1235;0; ;NEW;PE;1T
383506,21532024;6552740,72222736;1236;0; ;NEW;PG;1N
380868,45597315;6553458,64838040;1237;0; ;NEW;PG;1R
378701,67587002;6560778,86296543;1238;0; ;NEW;N4;12
379426,73372123;6557826,14942034;1239;0; ;NEW;PE;12
376655,60863614;6559050,88094933;1240;0; ;NEW;N6;12
372554,91595091;6557343,05566498;1241;0; ;NEW;1Y;N7
372283,92187597;6561376,43349973;1242;0; ;NEW;N2;N3
374066,43362113;6564694,59172887;1243;0; ;NEW;1J;MR
371808,25094104;6565505,05185189;1244;0; ;NEW;1J;MH
371379,98646309;6567364,93657067;1245;0; ;MIS;MG;MH
368177,68837641;6562690,30147160;1246;0; ;NEW;NV;13
367181,35159082;6562540,53058186;1247;0; ;NEW;14;15
365970,84090188;6560521,59555600;1248;0; ;NEW;10;13
366973,70117599;6561572,01165629;1249;0; ;NEW;L3;L4
368738,24919415;6563953,49423495;1250;0; ;NEW;L2;14
366412,27484660;6563036,16009791;1251;0; ;NEW;15;L5
366762,91815499;6564861,67294163;1252;0; ;NEW;L1;L5
366101,75570917;6561505,04672748;1253;0; ;NEW;L3;16
366256,22378478;6562096,98941866;1254;0; ;NEW;15;16
364700,95222106;6562587,50309735;1255;0; ;NEW;16;17
365190,75338706;6563710,90097582;1256;0; ;NEW;L5;17
363864,81680750;6564552,25600182;1257;0; ;NEW;17;18
362865,60056992;6567378,53642886;1258;0; ;NEW;LQ;18
362389,79568345;6565329,83014297;1259;0; ;NEW;18;19
361352,87602816;6567671,13883411;1260;0; ;NEW;LQ;19
360161,64492550;6565459,55226309;1261;0; ;NEW;LU;19
390136,17711147;6551787,26041623;1262;0; ;NEW;OH;TX
387231,44449447;6549061,84072868;1263;0; ;NEW;1O;OK
383642,89034462;6545136,45752790;1264;0; ;NEW;1Q;2A
377030,53247995;6540402,46463581;1265;0; ;NEW;2C;2B
378313,50510065;6541797,97278865;1266;0; ;NEW;PY;2C
376284,14683982;6542146,98696048;1267;0; ;NEW;PU;2C
375051,19698116;6539336,67197997;1268;0; ;NEW;2C;PZ
373748,41802650;6536783,01843333;1269;0; ;NEW;2D;2E
370849,48711162;6537523,14671064;1270;0; ;NEW;2D;2F
373556,87165746;6538091,36563399;1271;0; ;NEW;PZ;2D
369878,26348866;6541912,63347485;1272;0; ;NEW;PT;2G
368806,81428692;6547354,01596369;1273;0; ;NEW;2H;PD
373073,08976317;6549369,17576747;1274;0; ;MIS;PC;PB
357206,88066285;6564854,89101283;1275;0; ;NEW;MY;LU
359925,93594976;6563086,21116012;1276;0; ;NEW;LU;2I
358132,04100469;6560232,58375649;1277;0; ;NEW;2K;2J
360335,81111518;6560604,28187625;1278;0; ;NEW;2I;2J
356723,70658028;6562200,04821628;1279;0; ;NEW;MY;2K
355606,20448611;6563611,61407712;1280;0; ;NEW;MY;2L
353470,81403184;6565194,55054801;1281;0; ;NEW;2L;0I
353686,47523149;6562207,14996672;1282;0; ;NEW;2M;2L
355989,75027064;6559969,88556744;1283;0; ;NEW;MZ;2K
359592,57129920;6559291,06322491;1284;0; ;NEW;2J;M2
353341,59636715;6554639,06641349;1285;0; ;MIS;NC;NH
354953,73292542;6553193,50272233;1286;0; ;MIS;NH;OX
357414,39592624;6554297,17215435;1287;0; ;MIS;NH;NI
350385,80856072;6560124,03830211;1288;0; ;NEW;M1;2M
360167,53297691;6555459,63890130;1289;0; ;MIS;NI;NZ
359372,59161598;6556988,57085728;1290;0; ;NEW;M5;M4
362363,89589394;6559857,10398918;1291;0; ;NEW;2R;2I
364041,60451727;6558203,08720704;1292;0; ;NEW;2Q;2T
363753,36841243;6557939,64772069;1293;0; ;NEW;2T;2P
363466,57826188;6558292,91839573;1294;0; ;NEW;2P;2O
363801,92584887;6558262,84843108;1295;0; ;NEW;2Q;2P
363153,42107365;6558394,09125734;1296;0; ;NEW;2R;2O
364001,33352990;6558601,69786998;1297;0; ;NEW;11;2Q
364035,39117120;6558921,55309611;1298;0; ;NEW;10;11
363981,89767913;6558787,60638582;1299;0; ;NEW;2S;11
363562,31389601;6558590,85212209;1300;0; ;NEW;2S;2O
363685,31092268;6558729,28329341;1301;0; ;MIS;M3;2S
363278,16823674;6558554,65560744;1302;0; ;NEW;2R;M3
361496,44076740;6557567,31640283;1303;0; ;NEW;M4;2R
364578,24688378;6557724,08350795;1304;0; ;NEW;2T;2U
366921,63312436;6557329,47404750;1305;0; ;NEW;2U;NM
363280,26900683;6554564,59016898;1306;0; ;NEW;2V;2W
364209,53024429;6557181,76487482;1307;0; ;NEW;2U;2V
361863,97877243;6556216,25738029;1308;0; ;NEW;2V;NZ
361742,50355788;6553380,74444729;1309;0; ;NEW;OW;2W
366073,37948442;6555803,66665840;1310;0; ;NEW;2U;2X
368893,04784137;6553999,80840076;1311;0; ;NEW;2X;O4
366969,49342682;6553752,70387678;1312;0; ;NEW;2X;O3
363087,10578937;6552101,55775962;1313;0; ;NEW;2W;OY
367250,71851290;6545584,84403426;1314;0; ;NEW;2H;2G
365770,08448976;6547855,60477337;1315;0; ;NEW;2H;O0
362344,51838334;6545599,35689101;1316;0; ;NEW;2Y;2Z
365161,63853451;6544355,73832494;1317;0; ;NEW;2Z;2G
363650,05454961;6547945,12614667;1318;0; ;NEW;O0;2Y
361087,35858968;6547487,27261639;1319;0; ;NEW;O1;2Y
358566,68122017;6548838,12145809;1320;0; ;NEW;O1;O2
359551,20995422;6552091,31073873;1321;0; ;NEW;OU;20
360226,56647509;6553666,31102592;1322;0; ;NEW;20;OW
358825,82731474;6552910,69199750;1323;0; ;NEW;20;21
357682,69135560;6551936,07853840;1324;0; ;NEW;OU;21
356422,35784203;6552900,70851895;1325;0; ;NEW;OX;21
353045,60149931;6551388,60091898;1326;0; ;NEW;OV;22
355210,95923891;6550029,10173576;1327;0; ;NEW;22;O2
351915,64233789;6550423,99642774;1328;0; ;NEW;22;23
352208,52928780;6552123,14013581;1329;0; ;NEW;OV;23
349363,45141821;6551637,92680541;1330;0; ;NEW;0E;23
318970,35156019;6625222,33085244;1331;0; ;NEW;T0;25
319066,80323843;6625074,70141566;1332;0; ;NEW;Z2;24
319655,38531833;6625618,11565621;1333;0; ;NEW;24;25
321870,18085123;6624452,63908289;1334;0; ;NEW;24;26
326829,48373332;6623776,79914756;1335;0; ;NEW;26;AE
325794,63221167;6625093,42439064;1336;0; ;NEW;AF;26
324105,70187079;6622835,99766981;1337;0; ;NEW;26;AA
331279,47332796;6623103,18558547;1338;0; ;NEW;AD;AE
326331,57093770;6627082,44784931;1339;0; ;NEW;29;3A
325677,12571873;6627480,22647259;1340;0; ;NEW;AG;3A
324469,30722584;6627408,58495740;1341;0; ;NEW;3A;3B
321449,04086777;6627012,23962782;1342;0; ;NEW;25;3B
324343,91504151;6629148,02668421;1343;0; ;NEW;3B;SD
326387,06164276;6627790,22842258;1344;0; ;NEW;AG;3C
327631,52467942;6628132,56617568;1345;0; ;NEW;AO;3D
328068,46444020;6628759,45014605;1346;0; ;NEW;3D;3E
329014,27998099;6629035,20759133;1347;0; ;NEW;3E;3F
329963,15981562;6629572,38454099;1348;0; ;NEW;3F;3G
329635,59389276;6630858,98593971;1349;0; ;NEW;3G;3H
327584,57313250;6630991,79960678;1350;0; ;NEW;SE;3H
327332,65589492;6629868,19761546;1351;0; ;NEW;SE;3E
326977,80458737;6629053,25341333;1352;0; ;NEW;SE;3D
328408,90030431;6627763,81497633;1353;0; ;NEW;AO;3I
329662,64823413;6628360,21709827;1354;0; ;NEW;3I;3F
331194,85032527;6627757,60014428;1355;0; ;NEW;AJ;3I
331468,00243444;6630744,32406833;1356;0; ;NEW;3G;AN
330725,81714718;6632425,56493476;1357;0; ;NEW;3H;3J
332648,07207714;6632178,80467849;1358;0; ;NEW;3J;AN
334926,24279876;6634730,79232144;1359;0; ;NEW;3J;AM
342581,95467648;6638936,05937264;1360;0; ;NEW;AQ;3K
343912,99584841;6637634,97488663;1361;0; ;NEW;3K;3L
344707,16709816;6635247,45297421;1362;0; ;NEW;3L;3M
346978,57118797;6633281,60508121;1363;0; ;NEW;3M;3N
349829,15871493;6632814,56622945;1364;0; ;NEW;3N;3O
351176,39706649;6633443,63519036;1365;0; ;NEW;3O;CI
351291,68835120;6633269,00096648;1366;0; ;NEW;3O;CH
349287,28124316;6630812,61850176;1367;0; ;NEW;3N;3P
345937,17226119;6631834,09378477;1368;0; ;NEW;3M;CE
348365,69142602;6628976,89893699;1369;0; ;NEW;CA;3P
350496,89327021;6629354,87257722;1370;0; ;NEW;3P;CF
346109,88356433;6636365,86044299;1371;0; ;NEW;3L;CJ
341545,55173082;6620545,70551528;1372;0; ;NEW;BT;3Q
344938,50960838;6620751,90905272;1373;0; ;NEW;B1;3Q
352304,14645333;6624888,66864062;1374;0; ;NEW;3Z;DK
351280,41914353;6625181,81862327;1375;0; ;NEW;33;3Z
352234,80053715;6625986,29104988;1376;0; ;NEW;DL;33
349536,69368895;6625234,75339069;1377;0; ;NEW;DA;33
351476,03306059;6624697,23994120;1378;0; ;NEW;3Z;30
350409,97041236;6624236,59968319;1379;0; ;NEW;DB;30
351995,14459216;6621572,88057610;1380;0; ;NEW;31;30
353403,47178134;6617991,41012859;1381;0; ;NEW;31;32
351965,70644309;6618378,16113810;1382;0; ;NEW;DD;31
351043,75181984;6618990,62458224;1383;0; ;NEW;DD;3T
349821,16710308;6620442,51420559;1384;0; ;NEW;DC;3T
348959,35533056;6618753,63107498;1385;0; ;NEW;3S;3T
346338,43203234;6617972,29622473;1386;0; ;NEW;3S;3R
344799,33999625;6618787,13250569;1387;0; ;NEW;3Q;3R
344968,48270474;6617637,31872043;1388;0; ;NEW;3R;BR
343049,45204083;6618137,31304136;1389;0; ;NEW;BQ;3V
340062,69518194;6618071,88020714;1390;0; ;NEW;3V;BU
337270,64097890;6617280,12169461;1391;0; ;NEW;3W;3X
337167,76191732;6618337,18824907;1392;0; ;NEW;BV;3X
336429,45210328;6618955,81880841;1393;0; ;NEW;3Y;3X
337108,26351969;6619594,18162293;1394;0; ;NEW;BV;3Y
335357,96302989;6620231,68056148;1395;0; ;NEW;B0;3Y
329719,68342908;6620148,71978961;1396;0; ;NEW;34;35
331630,67643658;6620337,17870795;1397;0; ;NEW;34;AD
328438,08935893;6619895,99974493;1398;0; ;NEW;AC;34
329839,90843701;6618242,66839430;1399;0; ;NEW;35;36
328221,13212287;6617589,82243813;1400;0; ;NEW;AC;4A
329614,06774625;6615393,87587651;1401;0; ;NEW;4A;4B
330422,23750236;6614428,21705692;1402;0; ;NEW;BG;4B
331322,55065482;6615426,66760292;1403;0; ;NEW;36;4C
326848,86658717;6614320,81856669;1404;0; ;NEW;BI;4A
331457,60142490;6613894,33224170;1405;0; ;NEW;BG;4C
332853,99271527;6614565,50586083;1406;0; ;NEW;4C;39
333986,81503286;6614958,32212990;1407;0; ;NEW;38;39
335978,19400937;6615588,41075949;1408;0; ;NEW;38;3W
339981,15512717;6616476,66361862;1409;0; ;NEW;3V;3W
338354,48725005;6615533,35335451;1410;0; ;NEW;3W;BO
332592,46869309;6618267,15492134;1411;0; ;NEW;35;38
333596,23371049;6613252,13046595;1412;0; ;NEW;BH;39
334121,82569485;6611227,12801438;1413;0; ;NEW;BH;WF
337732,87381237;6612237,22519790;1414;0; ;NEW;WF;BO
337263,74193952;6605884,35239878;1415;0; ;NEW;V1;4D
337171,81476831;6609029,77535395;1416;0; ;NEW;WF;4D
340110,01547975;6605070,56859745;1417;0; ;NEW;4D;EA
340204,95884447;6607873,45756625;1418;0; ;NEW;4D;4E
341517,33078657;6610286,89292484;1419;0; ;NEW;4E;4F
340151,21745959;6613215,88155010;1420;0; ;NEW;BO;4F
342205,83684923;6612139,46243926;1421;0; ;NEW;4F;BP
343561,29502294;6614437,11001587;1422;0; ;NEW;BP;4I
344281,09698129;6616576,33683670;1423;0; ;NEW;BQ;4I
344752,32655429;6615513,54213484;1424;0; ;NEW;4I;4J
345038,36076422;6616485,77716542;1425;0; ;NEW;4J;BR
346205,69951381;6614708,31395180;1426;0; ;NEW;4J;4H
345136,53505963;6612710,13101321;1427;0; ;NEW;BP;4H
347027,91234725;6613241,31437193;1428;0; ;NEW;4G;ED
346469,98265002;6612699,31472587;1429;0; ;NEW;4H;4G
346913,20188422;6609700,43678917;1430;0; ;NEW;4G;EB
344389,96185402;6610443,95747995;1431;0; ;NEW;4E;4G
348272,62973213;6614706,27026101;1432;0; ;NEW;ED;3U
350379,33282342;6616620,86733254;1433;0; ;NEW;3U;DE
348367,51476333;6616640,43789474;1434;0; ;NEW;3S;3U
349529,26800044;6613747,71764173;1435;0; ;NEW;ED;4K
352922,85783963;6611689,55766129;1436;0; ;NEW;4K;EF
352536,57792910;6613773,95022730;1437;0; ;NEW;4K;4L
353790,86134123;6615345,25825329;1438;0; ;NEW;DF;4L
353989,15618691;6613070,91236749;1439;0; ;NEW;4L;EF
344721,01605317;6597781,78657022;1440;0; ;MIS;SC;EN
347987,19547703;6593211,61061719;1441;0;6190-6191;FIX;GG;GH
344148,39790901;6601724,41995637;1442;0; ;NEW;EA;EN
367756,46585404;6586687,80153409;1443;0; ;NEW;GP;KC
378730,92020590;6590387,49061226;1444;0; ;NEW;KG;4N
374454,69228704;6587657,00018198;1445;0; ;NEW;4O;02
375954,88456070;6589164,82410020;1446;0; ;NEW;4O;4N
373950,98605236;6590028,46484775;1447;0; ;NEW;4O;4P
373777,56542616;6591249,92217288;1448;0; ;NEW;KE;4P
374503,99594661;6592090,42409138;1449;0; ;NEW;4P;KF
376266,54832573;6591383,35072915;1450;0; ;NEW;4N;KF
376823,59446604;6594779,21430173;1451;0; ;NEW;GZ;4Q
378295,73701856;6595430,41710066;1452;0; ;NEW;4Q;G0
376255,97063645;6595967,47215674;1453;0; ;NEW;4Q;4R
375137,30610728;6594686,26651344;1454;0; ;NEW;GZ;4R
374381,30227077;6595396,39539931;1455;0; ;NEW;4R;4S
373133,91033937;6594764,86241969;1456;0; ;NEW;4S;4T
370717,71495859;6594410,50783148;1457;0; ;NEW;GW;4T
372735,60656483;6592574,62499938;1458;0; ;NEW;4T;KE
369550,20340759;6592632,10035754;1459;0; ;NEW;GW;GX
373815,75581008;6596012,34992737;1460;0; ;NEW;4S;4U
372230,53530549;6598339,62682918;1461;0; ;NEW;GY;4U
373744,67371616;6598969,62124337;1462;0; ;NEW;4U;4V
375231,89434531;6600868,97172789;1463;0; ;NEW;4V;G1
373071,49456255;6601972,45905109;1464;0; ;NEW;4V;4W
371966,43215188;6601196,17090607;1465;0; ;NEW;4W;43
371022,46055255;6599887,18777497;1466;0; ;NEW;43;GY
370908,62756747;6600556,02819204;1467;0; ;NEW;GC;43
369791,62381236;6601400,08658337;1468;0; ;NEW;4X;GC
368264,60012376;6600429,78911422;1469;0; ;NEW;GD;4X
364264,20992041;6599788,03858239;1470;0; ;NEW;GE;4Z
363850,67708813;6602273,42692322;1471;0; ;NEW;FX;4Z
357741,30853133;6601035,93390986;1472;0; ;NEW;FU;44
357236,08725619;6604683,12377137;1473;0; ;NEW;44;45
360513,02865621;6604051,53946788;1474;0; ;NEW;FY;44
356230,11503037;6606512,17678358;1475;0; ;NEW;FR;45
358941,09666335;6607729,57155508;1476;0; ;NEW;45;EU
368026,14832970;6604809,81486818;1477;0; ;NEW;GB;42
369148,16915346;6604516,07279923;1478;0; ;NEW;GA;42
368378,84372760;6603985,74649471;1479;0; ;NEW;41;42
365572,55334595;6601987,61664036;1480;0; ;FUT;4Z;4Y
367962,28950115;6602070,09833490;1481;0; ;FUT;4Y;4X
367737,70894028;6603120,15246244;1482;0; ;FUT;4Y;41
369772,17052610;6603450,06735603;1483;0; ;NEW;40;41
372049,19671855;6603311,50970237;1484;0; ;NEW;4W;40
370912,35917227;6602358,63078711;1485;0; ;NEW;GC;40
370501,75560488;6604214,18324853;1486;0; ;NEW;GA;40
370116,86253106;6609627,94096602;1487;0; ;NEW;46;F6
373049,63752688;6608361,95610073;1488;0; ;NEW;F7;47
373041,65675405;6609331,83636820;1489;0; ;NEW;47;48
374081,43274651;6609746,28995253;1490;0; ;NEW;48;FP
373095,12883868;6609885,03433681;1491;0; ;NEW;48;49
372293,84029910;6610830,45382163;1492;0; ;NEW;FO;49
373954,55109499;6610653,58513799;1493;0; ;NEW;49;FP
376581,94242782;6609451,54751379;1494;0; ;NEW;FQ;SY
376299,41701212;6611510,20951332;1495;0; ;NEW;FQ;FK
366559,18411642;6609845,42054751;1496;0; ;NEW;5A;5B
365835,69415677;6607559,21169513;1497;0; ;NEW;5A;F3
367389,22059426;6607498,96294601;1498;0; ;NEW;5A;F4
363978,22518238;6611156,28355493;1499;0; ;NEW;ET;5B
365644,15183255;6612379,14547323;1500;0; ;NEW;5B;1C
369403,74328242;6615222,99958928;1501;0; ;NEW;E1;5C
373334,11477819;6614810,14804409;1502;0; ;NEW;5C;FJ
364939,88268917;6614882,75134506;1503;0; ;NEW;ER;ES
356290,97893330;6615252,95088423;1504;0; ;NEW;DG;EW
354898,86030335;6617895,67684843;1505;0; ;NEW;DI;32
355336,53543672;6619824,41936131;1506;0; ;NEW;DH;32
353333,67367127;6619710,54334338;1507;0; ;NEW;31;DH
357813,31271104;6617652,43336455;1508;0; ;NEW;5D;5E
355677,47081257;6617829,78441091;1509;0; ;NEW;DI;5E
357091,84692966;6618542,75230933;1510;0; ;NEW;5E;5F
357783,14708066;6621268,47346770;1511;0; ;NEW;DP;5F
358420,04434043;6618739,78256204;1512;0; ;NEW;5G;5F
359508,01651928;6618741,15267835;1513;0; ;NEW;5G;5D
359760,20833045;6619526,58570045;1514;0; ;NEW;5G;EQ
359102,73101089;6615109,70907552;1515;0; ;NEW;5D;EW
362957,03382009;6616320,27031498;1516;0; ;NEW;ER;5H
362877,11583904;6618114,82139703;1517;0; ;NEW;E2;5H
364148,90990201;6617197,79350061;1518;0; ;NEW;5H;5I
366801,80155598;6618867,72425882;1519;0; ;NEW;5I;5J
364890,62006572;6619142,17277419;1520;0; ;NEW;5I;E2
366476,59819976;6616685,65787209;1521;0; ;NEW;E1;5I
371240,98931764;6617597,57986401;1522;0; ;NEW;5C;EZ
368913,47867666;6619463,03135696;1523;0; ;NEW;5J;EZ
361764,87745707;6620678,33683425;1524;0; ;MIS;EX;EQ
363508,71912866;6622213,80674573;1525;0; ;NEW;EX;5M
365167,65025599;6623264,23212723;1526;0; ;NEW;5M;E3
362469,55105781;6623866,75580680;1527;0; ;NEW;5M;5N
359781,79734001;6623682,33709032;1528;0; ;NEW;DQ;5N
360444,74591881;6625506,94645087;1529;0; ;NEW;DR;5N
364237,48234792;6625847,23669893;1530;0; ;NEW;FE;D1
368647,76480823;6623135,99235794;1531;0; ;NEW;E4;5O
370004,26146670;6621814,82154592;1532;0; ;NEW;5O;E5
369723,90074945;6621067,64340381;1533;0; ;NEW;E5;5Q
367383,29991370;6621890,37225572;1534;0; ;NEW;E3;5Q
369761,07712230;6620119,60725458;1535;0; ;NEW;5Q;EZ
371588,80710734;6622359,65363842;1536;0; ;NEW;5O;5P
373634,00413982;6621609,87829057;1537;0; ;NEW;E6;5P
373971,90243063;6622543,60320956;1538;0; ;NEW;E7;5P
378345,56984527;6622317,44333008;1539;0; ;NEW;E7;SS
365597,15894536;6631898,63959801;1540;0; ;NEW;5T;DV
365406,57985886;6632318,01834130;1541;0; ;NEW;DW;5T
366004,35939556;6632096,52848285;1542;0; ;NEW;5T;5U
365794,32024804;6632797,40486215;1543;0; ;NEW;DW;5U
367893,77030268;6632445,30557477;1544;0; ;NEW;5U;DX
376407,08781819;6633019,47419275;1545;0; ;NEW;5V;5Z
371934,02291042;6632580,04528518;1546;0; ;NEW;C1;5V
372062,30397607;6633459,46656844;1547;0; ;NEW;5V;5W
370539,76272456;6636192,60825655;1548;0; ;NEW;5X;5W
371474,28837196;6639639,18018170;1549;0; ;NEW;5X;C6
372709,80383394;6640158,30379262;1550;0; ;NEW;5X;C4
373856,88712951;6637751,37407968;1551;0; ;NEW;C4;5W
371345,96519864;6639606,10719888;1552;0; ;NEW;C6;5Y
371186,85022219;6639496,28635659;1553;0; ;NEW;5Y;C7
361703,33596421;6629803,08571402;1554;0; ;NEW;50;51
362558,62012835;6629409,27857609;1555;0; ;NEW;CQ;50
360845,67490506;6627955,80292712;1556;0; ;NEW;50;DS
362556,11875311;6630525,36475595;1557;0; ;NEW;CQ;51
361169,47674343;6631500,41382294;1558;0; ;NEW;CP;51
370529,55631051;6639910,17191374;1559;0; ;NEW;5Y;5S
369172,32961136;6640294,21066157;1560;0; ;NEW;5R;5S
370422,21849003;6640799,88739638;1561;0; ;FUT;5S;53
372819,68530289;6642449,22400664;1562;0; ;FUT;53;6M
369892,23624873;6643170,40832794;1563;0; ;FUT;53;6N
370310,40735669;6644647,54513731;1564;0; ;NEW;A9;6N
372800,80061833;6644725,40246038;1565;0; ;NEW;6N;BA
375347,96228653;6644479,42900038;1566;0; ;NEW;BA;6M
362672,57799979;6644933,85148403;1567;0; ;NEW;A2;56
361307,53742848;6643980,62778200;1568;0; ;NEW;A1;56
363570,31927083;6639320,76697614;1569;0; ;NEW;CX;57
362929,82347018;6640297,24979446;1570;0; ;NEW;57;55
363971,03345460;6641153,51215134;1571;0; ;NEW;54;55
363151,60288066;6643125,71264742;1572;0; ;NEW;56;54
366946,25648960;6641545,40908842;1573;0; ;NEW;54;5R
367140,51296694;6638957,97744718;1574;0; ;NEW;5R;52
366231,09069853;6636943,93994732;1575;0; ;NEW;C3;52
360253,07770726;6638564,47378285;1576;0; ;NEW;57;58
360480,38716030;6635176,17164113;1577;0; ;NEW;58;CP
354614,72856264;6634122,57215398;1578;0; ;NEW;6G;CO
356358,12214137;6635615,28570165;1579;0; ;NEW;6G;59
354936,47687949;6637375,58398774;1580;0; ;NEW;AW;6G
357520,29951605;6636236,80797943;1581;0; ;NEW;1H;6A
356729,16861279;6640009,53550486;1582;0; ;NEW;6C;6B
356901,86727173;6638402,82610091;1583;0; ;NEW;6A;6C
357171,46724387;6638363,62092002;1584;0; ;NEW;6A;6B
351571,00212685;6642157,25481304;1585;0; ;NEW;6F;AU
354402,72570292;6642577,38410309;1586;0; ;NEW;6F;6D
356472,60623415;6642020,83276172;1587;0; ;NEW;6D;6B
355542,37220567;6641455,99578634;1588;0; ;NEW;6E;6D
356155,98235667;6640128,26411387;1589;0; ;NEW;6E;6C
357311,16949966;6635779,82993772;1590;0; ;NEW;1H;59
355111,94386378;6639760,80621656;1591;0; ;NEW;6E;AW
353702,47527066;6640677,07763678;1592;0; ;NEW;6F;AW
352588,21486685;6643742,89367623;1593;0; ;NEW;AX;6F
368664,23517340;6611374,33607776;1594;0; ;NEW;46;1C
346591,20620804;6640224,75083968;1595;0; ;NEW;6K;AR
344762,79805671;6639867,37245658;1596;0; ;NEW;6K;3K
345417,95667479;6641475,89970251;1597;0; ;NEW;6K;6L
346853,24606929;6642996,22895473;1598;0; ;NEW;AZ;6L
343004,73715560;6640995,79478609;1599;0; ;NEW;6L;AQ
355277,40706832;6628172,84744304;1600;0; ;NEW;6J;6H
355472,34944322;6630048,55469661;1601;0; ;NEW;CM;6H
357023,33045081;6628579,06990812;1602;0; ;NEW;6H;6I
358291,83640411;6627533,02700994;1603;0; ;NEW;DT;6I
357485,40159481;6631675,72234140;1604;0; ;NEW;6I;59
356038,13271231;6626581,54212938;1605;0; ;NEW;DM;6J
354136,84829308;6626518,23472211;1606;0; ;NEW;6J;CG
358356,29277920;6636096,32847673;1607;0; ;NEW;1H;58
291486,35990340;6583923,88824594;1608;0; ;NEW;ZL;I9
292265,06725666;6580482,79536883;1609;0; ;NEW;ZL;JL
293479,86444220;6578420,42340221;1610;0; ;NEW;4M;JL
295002,97728195;6578628,93186763;1611;0; ;NEW;JK;4M
294320,54175157;6577274,77297223;1612;0; ;NEW;4M;6T
294078,96473125;6574968,17999364;1613;0; ;NEW;P4;6T
295385,07152189;6576859,43551749;1614;0; ;NEW;P5;6T
318814,39593720;6554714,53853805;1615;0; ;NEW;X9;R0
317180,44704613;6548661,58878802;1616;0; ;NEW;YF;RI
317285,36129942;6554127,05020377;1617;0; ;NEW;X9;R1
305031,85716944;6552892,25281794;1618;0; ;NEW;RM;YN
302591,71717087;6552407,29083739;1619;0; ;NEW;YN;YK
314934,41475460;6540003,89182115;1620;0; ;NEW;XS;6O
301954,77268037;6559766,78057702;1621;0; ;NEW;YS;Q5
369649,76573443;6571624,75121143;1622;0; ;NEW;6P;LX
326642,86380703;6590961,63863805;1623;0; ;NEW;Z9;J4
328201,34846085;6592462,01606106;1624;0; ;NEW;Z9;NS
379136,02002222;6588554,13242040;1625;0; ;NEW;6Q;4N
381014,42826279;6587681,15375480;1626;0; ;NEW;6Q;04
312091,01331489;6604862,00874508;1627;0; ;NEW;HA;6R
314209,66766814;6605590,26899571;1628;0; ;NEW;G9;6R
331677,95144807;6561828,11822122;1629;0; ;NEW;W0;6S
331594,97242155;6561019,10157060;1630;0; ;NEW;6S;W2
389272,56358385;6551498,93245797;1631;0; ;NEW;OH;OK
367105,42622814;6637165,17607230;1632;0; ;NEW;52;C9
361978,37659259;6642149,57800933;1633;0; ;NEW;55;A1
383260,11959073;6596963,65992255;1634;0; ;MIS;S4;S3
366592,75887968;6613156,56653436;1635;0; ;NEW;1C;ES
367655,44997134;6562091,27872856;1636;0; ;NEW;L4;13
367695,13755072;6562295,00830268;1637;0; ;NEW;L4;14
353024,63443544;6559888,35319267;1638;0; ;NEW;2M;M0
371695,51545509;6555562,45337512;1639;0; ;NEW;O5;1X
372253,78740497;6555085,67325489;1640;0; ;NEW;O5;1V
326818,81149176;6626582,92154245;1641;0; ;NEW;29;AF
327018,03772865;6627131,96253076;1642;0; ;NEW;29;3C
327327,51438867;6627670,14173359;1643;0; ;NEW;3C;AO
330081,98433818;6615850,48918835;1644;0; ;NEW;4A;36
330207,92625673;6615650,46378830;1645;0; ;NEW;36;4B
371426,21964277;6650510,67524984;1646;0; ;NEW;Z3;1W
371250,35536931;6651016,47949256;1647;0; ;NEW;Z3;0C
370279,77063398;6650348,13958450;1648;0; ;NEW;Z3;BC
372459,79836845;6650950,30929292;1649;0; ;NEW;0C;1W
372849,89797137;6651386,80284268;1650;0; ;NEW;0C;1A
373025,76224483;6650880,99859995;1651;0; ;NEW;1A;1W
374715,04419970;6651753,20079182;1652;0; ;NEW;1A;SF
371825,55442075;6610559,95271700;1653;0; ;NEW;27;28
371268,99268688;6610300,13312965;1654;0; ;NEW;46;28
371205,03832351;6610900,21290687;1655;0; ;NEW;46;27
372439,60708756;6609623,78545791;1656;0; ;NEW;28;47
371743,08029445;6611278,11006777;1657;0; ;NEW;27;FO
341521,15311429;6602591,91992960;1658;0; ;NEW;D2;EA
312373,64243232;6584816,69510440;1659;0; ;MIS;JO;JN
339596,45590801;6592768,72179502;1660;0; ;NEW;D8;VT
336492,07964107;6592217,76944969;1661;0; ;NEW;D8;Z6
337840,52874941;6590291,88104936;1662;0; ;NEW;D8;VQ
303562,33274815;6559857,36277582;1663;0; ;NEW;Q5;YQ
366067,84529801;6620429,55110241;1664;0; ;NEW;EY;5J
376562,91024883;6574807,39442647;1665;0; ;NEW;MC;37
377299,17552061;6572290,99180069;1666;0; ;NEW;37;L9
377442,45951222;6571246,44825656;1667;0; ;NEW;L9;UX
374549,13091191;6570395,20873037;1668;0; ;NEW;UX;MB
376718,96223486;6572005,94640094;1669;0; ;NEW;37;UX
385332,11452541;6551492,27062650;1670;0; ;NEW;1N;U6
385813,46892939;6549977,16389963;1671;0; ;NEW;U6;OJ
384249,96652778;6550357,20585637;1672;0; ;NEW;VJ;U6
347483,51392349;6613891,96278736;1673;0; ;NEW;4H;ED
352214,52318692;6605769,67288910;1674;0;6115-6116;FIX;EG;EH
383785,68383057;6548609,16127715;1675;0; ;NEW;VJ;1P
