XCoord;YCoord;knoopid;NETWERKID;NETWERK;code;STATUS;lon_x;lat_y
336836,55788230;6587015,15833608;6913;31;127;Fietsnetwerk Westhoek;R9;DEL;3,025854;50,994040
324440,23636787;6621771,45729192;5959;51;125;Fietsnetwerk Brugse Ommeland;AA;OUT;2,914496;51,190657
327241,45302727;6620852,45469073;5960;20;125;Fietsnetwerk Brugse Ommeland;AB;OUT;2,939660;51,185469
327149,92797859;6619668,05224245;5961;53;125;Fietsnetwerk Brugse Ommeland;AC;OUT;2,938838;51,178781
333339,24985812;6621149,05349166;5962;54;125;Fietsnetwerk Brugse Ommeland;AD;OUT;2,994437;51,187143
329195,54477716;6624463,95743173;5963;11;125;Fietsnetwerk Brugse Ommeland;AE;OUT;2,957214;51,205853
326808,14485130;6626430,06614192;5964;2;125;Fietsnetwerk Brugse Ommeland;AF;OUT;2,935768;51,216946
325568,44429510;6627792,84294446;5965;1;125;Fietsnetwerk Brugse Ommeland;AG;OUT;2,924631;51,224634
333055,68387507;6627736,35937536;5969;26;125;Fietsnetwerk Brugse Ommeland;AJ;OUT;2,991890;51,224316
339097,93832916;6632966,74687586;5971;13;125;Fietsnetwerk Brugse Ommeland;AK;OUT;3,046169;51,253810
337807,87999928;6635140,93145475;5972;7;125;Fietsnetwerk Brugse Ommeland;AL;OUT;3,034580;51,266064
337716,21060720;6636266,75553558;5973;6;125;Fietsnetwerk Brugse Ommeland;AM;OUT;3,033756;51,272408
332781,12075651;6631343,94655142;5974;5;125;Fietsnetwerk Brugse Ommeland;AN;OUT;2,989424;51,244661
327448,43145224;6627812,13534864;5976;3;125;Fietsnetwerk Brugse Ommeland;AO;OUT;2,941519;51,224743
334436,63464213;6629025,96434045;5977;12;125;Fietsnetwerk Brugse Ommeland;AP;OUT;3,004295;51,231589
341483,27912458;6639259,45580543;5978;9;125;Fietsnetwerk Brugse Ommeland;AQ;OUT;3,067596;51,289269
347068,24005066;6639758,67506783;5979;10;125;Fietsnetwerk Brugse Ommeland;AR;OUT;3,117767;51,292081
347614,04255290;6639986,28224571;5980;30;125;Fietsnetwerk Brugse Ommeland;AS;OUT;3,122670;51,293363
349553,15356058;6639929,24720173;5981;29;125;Fietsnetwerk Brugse Ommeland;AT;OUT;3,140089;51,293041
349899,74203359;6642263,69162759;5982;26;125;Fietsnetwerk Brugse Ommeland;AU;OUT;3,143203;51,306188
352703,50716988;6639562,96608007;5983;28;125;Fietsnetwerk Brugse Ommeland;AV;OUT;3,168390;51,290978
354364,40157993;6639426,86047443;5984;27;125;Fietsnetwerk Brugse Ommeland;AW;OUT;3,183310;51,290212
351833,93277749;6645180,01125841;5985;33;125;Fietsnetwerk Brugse Ommeland;AX;OUT;3,160578;51,322606
349013,56767560;6643520,38141663;5986;32;125;Fietsnetwerk Brugse Ommeland;AY;OUT;3,135242;51,313263
348625,33702191;6643320,84672774;5987;31;125;Fietsnetwerk Brugse Ommeland;AZ;OUT;3,131755;51,312140
359292,93661465;6648203,94943391;5988;36;125;Fietsnetwerk Brugse Ommeland;A0;OUT;3,227583;51,339623
360824,10077775;6643807,40254210;5989;38;125;Fietsnetwerk Brugse Ommeland;A1;OUT;3,241338;51,314879
364203,79573647;6645664,11317669;5991;40;125;Fietsnetwerk Brugse Ommeland;A3;OUT;3,271698;51,325330
363607,97070762;6646002,99889627;5990;39;125;Fietsnetwerk Brugse Ommeland;A2;OUT;3,266346;51,327238
366180,56750362;6649435,27852273;5992;42;125;Fietsnetwerk Brugse Ommeland;A4;OUT;3,289456;51,346551
362313,05170156;6648823,99830179;5993;37;125;Fietsnetwerk Brugse Ommeland;A5;OUT;3,254714;51,343112
370359,23482149;6649844,97474533;5994;46;125;Fietsnetwerk Brugse Ommeland;A6;OUT;3,326994;51,348856
368864,58626479;6647989,01499312;5995;43;125;Fietsnetwerk Brugse Ommeland;A7;OUT;3,313567;51,338414
368484,48307600;6645429,96342186;5996;44;125;Fietsnetwerk Brugse Ommeland;A8;OUT;3,310152;51,324013
370193,53730895;6644696,15854394;5997;47;125;Fietsnetwerk Brugse Ommeland;A9;OUT;3,325505;51,319882
375052,90512472;6645224,24531936;5998;53;125;Fietsnetwerk Brugse Ommeland;BA;OUT;3,369158;51,322855
374751,70648752;6647536,57691089;5999;50;125;Fietsnetwerk Brugse Ommeland;BB;OUT;3,366452;51,335868
370328,63652030;6650137,18153281;6001;45;125;Fietsnetwerk Brugse Ommeland;BC;OUT;3,326719;51,350499
373913,88592459;6647612,54313447;6002;51;125;Fietsnetwerk Brugse Ommeland;BD;OUT;3,358926;51,336295
373672,73442026;6647243,90279956;6004;52;125;Fietsnetwerk Brugse Ommeland;BE;OUT;3,356759;51,334221
330077,71442566;6614793,38095894;6005;31;125;Fietsnetwerk Brugse Ommeland;BF;OUT;2,965139;51,151249
331124,47111547;6613674,76572792;6006;32;125;Fietsnetwerk Brugse Ommeland;BG;OUT;2,974542;51,144929
332697,55046863;6611986,82286729;6007;34;125;Fietsnetwerk Brugse Ommeland;BH;OUT;2,988673;51,135390
325806,04485567;6610732,83814853;6009;24;127;Fietsnetwerk Westhoek;BJ;FIX;2,926765;51,128302
327816,42532648;6607798,35197708;6010;26;127;Fietsnetwerk Westhoek;BK;FIX;2,944825;51,111712
331045,96629146;6603818,37248762;6011;29;127;Fietsnetwerk Westhoek;BL;FIX;2,973837;51,089201
333368,33128934;6611434,43997650;6013;35;125;Fietsnetwerk Brugse Ommeland;BN;OUT;2,994699;51,132268
339078,01871686;6614707,47702189;6014;41;125;Fietsnetwerk Brugse Ommeland;BO;OUT;3,045990;51,150764
343115,90386456;6612946,63365130;6015;55;125;Fietsnetwerk Brugse Ommeland;BP;OUT;3,082263;51,140814
343997,74931888;6617469,09143718;6016;51;125;Fietsnetwerk Brugse Ommeland;BQ;OUT;3,090184;51,166364
344989,64159981;6617475,07590783;6017;54;125;Fietsnetwerk Brugse Ommeland;BR;OUT;3,099095;51,166397
344893,16887007;6621340,39127193;6018;53;125;Fietsnetwerk Brugse Ommeland;BS;OUT;3,098228;51,188223
338464,22734957;6620318,70231251;6019;44;125;Fietsnetwerk Brugse Ommeland;BT;OUT;3,040476;51,182455
338477,69570799;6618979,20633146;6020;45;125;Fietsnetwerk Brugse Ommeland;BU;OUT;3,040597;51,174892
337559,55643098;6618537,96358346;6021;38;125;Fietsnetwerk Brugse Ommeland;BV;OUT;3,032349;51,172400
337612,38428685;6616717,34856948;6022;39;125;Fietsnetwerk Brugse Ommeland;BW;OUT;3,032824;51,162118
334381,69427682;6625176,90599693;6023;29;125;Fietsnetwerk Brugse Ommeland;BX;OUT;3,003802;51,209876
334433,58884742;6625144,61531926;6024;42;125;Fietsnetwerk Brugse Ommeland;BY;OUT;3,004268;51,209694
333453,07090071;6621261,96686459;6025;30;125;Fietsnetwerk Brugse Ommeland;BZ;OUT;2,995460;51,187780
334665,30280145;6620740,71757529;6026;43;125;Fietsnetwerk Brugse Ommeland;B0;OUT;3,006350;51,184838
345340,67760066;6621562,61217602;6027;50;125;Fietsnetwerk Brugse Ommeland;B1;OUT;3,102248;51,189478
343276,40310764;6624058,42800790;6028;49;125;Fietsnetwerk Brugse Ommeland;B2;OUT;3,083704;51,203565
338355,11436647;6623526,50386995;6029;47;125;Fietsnetwerk Brugse Ommeland;B3;OUT;3,039496;51,200563
333820,33945647;6625994,88122903;6030;28;125;Fietsnetwerk Brugse Ommeland;B4;OUT;2,998759;51,214491
334427,40616815;6625318,85330805;6031;27;125;Fietsnetwerk Brugse Ommeland;B5;OUT;3,004213;51,210677
343283,09905911;6624140,20575822;6032;52;125;Fietsnetwerk Brugse Ommeland;B6;OUT;3,083765;51,204026
347946,96178058;6625026,02180804;6033;56;125;Fietsnetwerk Brugse Ommeland;B7;OUT;3,125661;51,209025
342488,67027953;6623919,11976214;6034;48;125;Fietsnetwerk Brugse Ommeland;B8;OUT;3,076628;51,202778
338507,50579014;6623621,29117434;6035;25;125;Fietsnetwerk Brugse Ommeland;B9;OUT;3,040865;51,201098
347265,76555624;6628741,11936554;6036;21;125;Fietsnetwerk Brugse Ommeland;CA;OUT;3,119541;51,229983
342683,29114009;6627870,59112986;6037;22;125;Fietsnetwerk Brugse Ommeland;CB;OUT;3,078376;51,225073
341991,56589832;6625902,32980872;6038;23;125;Fietsnetwerk Brugse Ommeland;CC;OUT;3,072163;51,213969
338856,05155734;6624895,25964303;6039;24;125;Fietsnetwerk Brugse Ommeland;CD;OUT;3,043996;51,208287
347062,16129191;6629580,31212993;6040;20;125;Fietsnetwerk Brugse Ommeland;CE;OUT;3,117712;51,234716
353266,69039048;6626443,87868859;6042;64;125;Fietsnetwerk Brugse Ommeland;CG;OUT;3,173449;51,217024
351498,30048621;6628967,47058338;6041;58;125;Fietsnetwerk Brugse Ommeland;CF;OUT;3,157563;51,231259
351448,72072086;6633173,05012270;6043;61;125;Fietsnetwerk Brugse Ommeland;CH;OUT;3,157118;51,254972
351215,86571453;6633519,74180135;6044;19;125;Fietsnetwerk Brugse Ommeland;CI;OUT;3,155026;51,256927
347747,85689543;6637067,24385809;6045;15;125;Fietsnetwerk Brugse Ommeland;CJ;OUT;3,123872;51,276919
351777,42767479;6635214,52167264;6046;18;125;Fietsnetwerk Brugse Ommeland;CK;OUT;3,160070;51,266479
354641,61537081;6630818,01776529;6048;41;125;Fietsnetwerk Brugse Ommeland;CM;OUT;3,185800;51,241695
356926,02607201;6628018,23312655;6047;62;125;Fietsnetwerk Brugse Ommeland;CL;OUT;3,206321;51,225906
357498,48423356;6635820,80619972;6049;24;125;Fietsnetwerk Brugse Ommeland;CN;OUT;3,211464;51,269895
353709,53822385;6632780,52980163;6050;40;125;Fietsnetwerk Brugse Ommeland;CO;OUT;3,177427;51,252760
361461,64847026;6632672,35143953;6051;12;125;Fietsnetwerk Brugse Ommeland;CP;OUT;3,247065;51,252150
363223,31728949;6630158,82663214;6052;10;125;Fietsnetwerk Brugse Ommeland;CQ;OUT;3,262891;51,237978
366437,18904300;6635403,12013124;6054;25;125;Fietsnetwerk Brugse Ommeland;CS;OUT;3,291761;51,267542
365129,37336378;6632718,07102729;6053;13;125;Fietsnetwerk Brugse Ommeland;CR;OUT;3,280013;51,252408
365748,76384041;6636355,13390830;6055;21;125;Fietsnetwerk Brugse Ommeland;CT;OUT;3,285577;51,272906
364277,60157375;6634444,80605320;6056;23;125;Fietsnetwerk Brugse Ommeland;CU;OUT;3,272361;51,262141
361667,17470203;6633064,65685699;6057;11;125;Fietsnetwerk Brugse Ommeland;CV;OUT;3,248912;51,254361
364226,98064525;6638275,09944810;6059;41;125;Fietsnetwerk Brugse Ommeland;CX;OUT;3,271907;51,283724
365236,44109634;6637097,54934186;6058;22;125;Fietsnetwerk Brugse Ommeland;CW;OUT;3,280975;51,277090
369695,37574797;6633487,33536942;6061;59;125;Fietsnetwerk Brugse Ommeland;CZ;OUT;3,321030;51,256744
371667,04957464;6632434,21956221;6062;63;125;Fietsnetwerk Brugse Ommeland;C0;OUT;3,338742;51,250808
371758,82466256;6632380,55252426;6063;58;125;Fietsnetwerk Brugse Ommeland;C1;OUT;3,339566;51,250505
366938,61735791;6634950,20101978;6060;16;125;Fietsnetwerk Brugse Ommeland;CY;OUT;3,296266;51,264989
367071,35797979;6635323,31895128;6064;17;125;Fietsnetwerk Brugse Ommeland;C2;OUT;3,297458;51,267092
365855,88399696;6636538,67918169;6065;20;125;Fietsnetwerk Brugse Ommeland;C3;OUT;3,286539;51,273941
374019,71920377;6641271,40602202;6066;57;125;Fietsnetwerk Brugse Ommeland;C4;OUT;3,359876;51,300600
373844,47474356;6641531,09215461;6067;54;125;Fietsnetwerk Brugse Ommeland;C5;OUT;3,358302;51,302063
371447,25368022;6639671,23282676;6068;55;125;Fietsnetwerk Brugse Ommeland;C6;OUT;3,336767;51,291588
371129,02372730;6639451,59114217;6069;56;125;Fietsnetwerk Brugse Ommeland;C7;OUT;3,333909;51,290351
367798,96348776;6636308,72099498;6070;18;125;Fietsnetwerk Brugse Ommeland;C8;OUT;3,303994;51,272645
367589,69800149;6636993,22797079;6071;19;125;Fietsnetwerk Brugse Ommeland;C9;OUT;3,302114;51,276502
347941,86461273;6624920,36073862;6072;57;125;Fietsnetwerk Brugse Ommeland;DA;OUT;3,125615;51,208428
349349,81480305;6623727,78319450;6073;67;125;Fietsnetwerk Brugse Ommeland;DB;OUT;3,138263;51,201699
349797,30382968;6621462,08439978;6074;68;125;Fietsnetwerk Brugse Ommeland;DC;OUT;3,142283;51,188910
351733,57741610;6618220,86529835;6075;71;125;Fietsnetwerk Brugse Ommeland;DD;OUT;3,159676;51,170609
351547,71703827;6618020,74967013;6076;72;125;Fietsnetwerk Brugse Ommeland;DE;OUT;3,158007;51,169479
353615,53223931;6615770,97381209;6077;96;125;Fietsnetwerk Brugse Ommeland;DF;OUT;3,176582;51,156772
354779,23017041;6615907,60587485;6078;97;125;Fietsnetwerk Brugse Ommeland;DG;OUT;3,187036;51,157544
354950,48734205;6617518,84074502;6080;99;125;Fietsnetwerk Brugse Ommeland;DI;OUT;3,188574;51,166645
354501,73793979;6620853,13429837;6079;70;125;Fietsnetwerk Brugse Ommeland;DH;OUT;3,184543;51,185472
354976,11455031;6621433,02744597;6081;69;125;Fietsnetwerk Brugse Ommeland;DJ;OUT;3,188805;51,188746
353156,77302334;6625044,06683376;6082;26;125;Fietsnetwerk Brugse Ommeland;DK;OUT;3,172461;51,209126
353363,44834888;6626377,40408587;6083;65;125;Fietsnetwerk Brugse Ommeland;DL;OUT;3,174318;51,216649
359958,11984798;6627107,73210970;6089;3;125;Fietsnetwerk Brugse Ommeland;DR;OUT;3,233559;51,220770
359880,38013135;6627186,02992292;6090;2;125;Fietsnetwerk Brugse Ommeland;DS;OUT;3,232860;51,221211
358625,14655505;6627269,65985816;6091;1;125;Fietsnetwerk Brugse Ommeland;DT;OUT;3,221585;51,221683
357679,69492415;6624279,25653141;6086;7;125;Fietsnetwerk Brugse Ommeland;DO;OUT;3,213091;51,204811
357948,55751384;6623512,75441054;6087;6;125;Fietsnetwerk Brugse Ommeland;DP;OUT;3,215507;51,200485
359493,75069475;6623391,10047982;6088;5;125;Fietsnetwerk Brugse Ommeland;DQ;OUT;3,229387;51,199798
356485,50073788;6626446,07308059;6085;4;125;Fietsnetwerk Brugse Ommeland;DN;OUT;3,202364;51,217037
356285,48275584;6626424,44883142;6084;63;125;Fietsnetwerk Brugse Ommeland;DM;OUT;3,200567;51,216915
365597,40878719;6631798,33069521;6093;15;125;Fietsnetwerk Brugse Ommeland;DV;OUT;3,284217;51,247223
362299,01392431;6627574,89031430;6092;8;125;Fietsnetwerk Brugse Ommeland;DU;OUT;3,254587;51,223405
369504,23390423;6632583,65336548;6095;60;125;Fietsnetwerk Brugse Ommeland;DX;OUT;3,319313;51,251650
365206,47940407;6632629,47132983;6094;14;125;Fietsnetwerk Brugse Ommeland;DW;OUT;3,280706;51,251908
372248,45674902;6632122,31443914;6096;64;125;Fietsnetwerk Brugse Ommeland;DY;OUT;3,343965;51,249049
369737,29541993;6630570,26579851;6097;62;125;Fietsnetwerk Brugse Ommeland;DZ;OUT;3,321407;51,240298
367635,10340726;6629526,99521400;6098;61;125;Fietsnetwerk Brugse Ommeland;D0;OUT;3,302522;51,234415
363062,54251620;6626689,16073657;6099;9;125;Fietsnetwerk Brugse Ommeland;D1;OUT;3,261446;51,218408
340872,54822181;6601795,20643991;6100;85;125;Fietsnetwerk Brugse Ommeland;D2;OUT;3,062110;51,077753
340690,92964478;6600424,69878014;6101;1;125;Fietsnetwerk Brugse Ommeland;D3;OUT;3,060479;51,069997
338576,12506546;6592690,74208633;6107;43;127;Fietsnetwerk Westhoek;D8;DEL;3,041481;51,026204
337404,29289720;6594820,33216831;6106;36;127;Fietsnetwerk Westhoek;D7;NEW;3,030954;51,038267
337155,90495559;6595119,82130175;6105;35;127;Fietsnetwerk Westhoek;D6;FIX;3,028723;51,039963
335023,01130208;6600083,81214479;6104;33;127;Fietsnetwerk Westhoek;D5;FIX;3,009563;51,068068
342237,44538432;6603155,49557636;6108;86;125;Fietsnetwerk Brugse Ommeland;D9;OUT;3,074371;51,085450
347215,83513127;6611743,99878638;6111;78;125;Fietsnetwerk Brugse Ommeland;EC;OUT;3,119093;51,134017
346221,26385153;6606748,36997178;6110;82;125;Fietsnetwerk Brugse Ommeland;EB;OUT;3,110159;51,105774
342169,75800678;6603388,63341928;6109;84;125;Fietsnetwerk Brugse Ommeland;EA;OUT;3,073763;51,086769
296929,72530704;6600163,00614060;6156;4;127;Fietsnetwerk Westhoek;FI;FIX;2,667365;51,068516
296599,22524303;6600085,78103041;6155;3;127;Fietsnetwerk Westhoek;FH;FIX;2,664396;51,068079
347657,46527571;6613901,08062785;6112;77;125;Fietsnetwerk Brugse Ommeland;ED;OUT;3,123060;51,146207
348983,47507105;6613994,31855113;6113;76;125;Fietsnetwerk Brugse Ommeland;EE;OUT;3,134972;51,146734
354210,20084323;6611265,53572121;6114;94;125;Fietsnetwerk Brugse Ommeland;EF;OUT;3,181924;51,131313
353009,03485200;6607421,43529988;6115;91;125;Fietsnetwerk Brugse Ommeland;EG;OUT;3,171134;51,109580
350336,64744838;6603868,12674496;6116;88;125;Fietsnetwerk Brugse Ommeland;EH;OUT;3,147128;51,089482
350289,31482056;6600946,61046978;6117;8;125;Fietsnetwerk Brugse Ommeland;EI;OUT;3,146702;51,072951
345250,86689797;6599551,18001136;6123;2;125;Fietsnetwerk Brugse Ommeland;EN;OUT;3,101441;51,065053
351072,11509864;6602912,59294593;6118;89;125;Fietsnetwerk Brugse Ommeland;EJ;OUT;3,153734;51,084076
360133,25052259;6620038,13703402;6126;69;125;Fietsnetwerk Brugse Ommeland;EQ;OUT;3,235132;51,180871
362919,60612177;6616262,09803455;6128;71;125;Fietsnetwerk Brugse Ommeland;ER;OUT;3,260162;51,159546
357719,62003182;6613277,15185454;6133;83;125;Fietsnetwerk Brugse Ommeland;EW;OUT;3,213450;51,142682
360116,96813241;6611035,67014872;6132;84;125;Fietsnetwerk Brugse Ommeland;EV;OUT;3,234986;51,130014
363219,35665447;6610355,56645606;6130;86;125;Fietsnetwerk Brugse Ommeland;ET;OUT;3,262855;51,126169
360670,28932496;6608507,01509952;6131;85;125;Fietsnetwerk Brugse Ommeland;EU;OUT;3,239956;51,115719
365845,08480585;6625494,37778995;6152;68;125;Fietsnetwerk Brugse Ommeland;FE;OUT;3,286442;51,211667
363180,82407758;6621881,18081132;6134;70;125;Fietsnetwerk Brugse Ommeland;EX;OUT;3,262509;51,191276
364435,17219269;6621154,61720308;6135;73;125;Fietsnetwerk Brugse Ommeland;EY;OUT;3,273777;51,187174
364405,90307906;6619747,83042734;6139;72;125;Fietsnetwerk Brugse Ommeland;E2;OUT;3,273514;51,179232
366710,33437353;6613267,90041647;6129;87;125;Fietsnetwerk Brugse Ommeland;ES;OUT;3,294215;51,142629
367355,46601771;6614894,19858151;6138;89;125;Fietsnetwerk Brugse Ommeland;E1;OUT;3,300010;51,151819
370213,33490585;6619431,28681689;6136;81;125;Fietsnetwerk Brugse Ommeland;EZ;OUT;3,325683;51,177445
371193,95757666;6616069,00953800;6137;90;125;Fietsnetwerk Brugse Ommeland;E0;OUT;3,334492;51,158455
370566,39071768;6627732,65928962;6151;67;125;Fietsnetwerk Brugse Ommeland;FD;OUT;3,328855;51,224295
374843,47871195;6629221,34868498;6150;66;125;Fietsnetwerk Brugse Ommeland;FC;OUT;3,367276;51,232691
376576,26186364;6625926,00530660;6147;2;125;Fietsnetwerk Brugse Ommeland;E9;OUT;3,382842;51,214103
376112,63935900;6627844,23559534;6148;1;125;Fietsnetwerk Brugse Ommeland;FA;OUT;3,378677;51,224924
374565,87009574;6624337,57101817;6145;78;125;Fietsnetwerk Brugse Ommeland;E8;OUT;3,364782;51,205140
374645,97456535;6622836,81979713;6144;77;125;Fietsnetwerk Brugse Ommeland;E7;OUT;3,365502;51,196670
374156,17661024;6620907,17256668;6143;82;125;Fietsnetwerk Brugse Ommeland;E6;OUT;3,361102;51,185777
370198,79929005;6621290,19412362;6142;80;125;Fietsnetwerk Brugse Ommeland;E5;OUT;3,325552;51,187940
367848,61625034;6624194,24244910;6141;76;125;Fietsnetwerk Brugse Ommeland;E4;OUT;3,304440;51,204331
366614,23329323;6623784,92966160;6140;75;125;Fietsnetwerk Brugse Ommeland;E3;OUT;3,293352;51,202021
378275,42654669;6631003,57528407;6149;65;125;Fietsnetwerk Brugse Ommeland;FB;OUT;3,398106;51,242742
377091,95348696;6613517,29141374;6158;95;125;Fietsnetwerk Brugse Ommeland;FK;OUT;3,387475;51,144039
378556,63804292;6617522,34977864;6159;86;125;Fietsnetwerk Brugse Ommeland;FL;OUT;3,400632;51,166664
374101,46233522;6613496,67244036;6157;94;125;Fietsnetwerk Brugse Ommeland;FJ;OUT;3,360611;51,143922
370733,06764174;6612651,82986890;6160;91;125;Fietsnetwerk Brugse Ommeland;FM;OUT;3,330352;51,139148
370981,63438225;6612127,55315490;6161;88;125;Fietsnetwerk Brugse Ommeland;FN;OUT;3,332585;51,136185
371724,56053153;6611396,18764132;6162;99;125;Fietsnetwerk Brugse Ommeland;FO;OUT;3,339259;51,132052
374967,05863599;6610613,34765292;6163;96;125;Fietsnetwerk Brugse Ommeland;FP;OUT;3,368386;51,127627
375615,48810852;6610278,37796785;6164;93;125;Fietsnetwerk Brugse Ommeland;FQ;OUT;3,374211;51,125733
354763,43445218;6607314,08863256;6165;92;125;Fietsnetwerk Brugse Ommeland;FR;OUT;3,186894;51,108973
351917,60585972;6603113,70890790;6166;90;125;Fietsnetwerk Brugse Ommeland;FS;OUT;3,161330;51,085214
353903,31312676;6599214,59085377;6167;9;125;Fietsnetwerk Brugse Ommeland;FT;OUT;3,179168;51,063148
357695,28607740;6598252,96947685;6168;20;125;Fietsnetwerk Brugse Ommeland;FU;OUT;3,213231;51,057704
353252,27874093;6597727,57277454;6169;12;125;Fietsnetwerk Brugse Ommeland;FV;OUT;3,173319;51,054730
353416,54514608;6597280,48014703;6170;13;125;Fietsnetwerk Brugse Ommeland;FW;OUT;3,174795;51,052198
363564,57489805;6603221,82978154;6171;22;125;Fietsnetwerk Brugse Ommeland;FX;OUT;3,265956;51,085826
363270,27851607;6604892,04423248;6172;11;125;Fietsnetwerk Brugse Ommeland;FY;OUT;3,263312;51,095275
357951,11898778;6603872,44288743;6173;10;125;Fietsnetwerk Brugse Ommeland;FZ;OUT;3,215530;51,089507
357711,64996027;6605928,24722133;6174;93;125;Fietsnetwerk Brugse Ommeland;F0;OUT;3,213378;51,101136
357294,55466209;6596082,35062813;6175;21;125;Fietsnetwerk Brugse Ommeland;F1;OUT;3,209632;51,045414
365121,95765716;6606608,36003543;6176;27;125;Fietsnetwerk Brugse Ommeland;F2;OUT;3,279946;51,104982
365515,75469400;6607090,08881100;6177;26;125;Fietsnetwerk Brugse Ommeland;F3;OUT;3,283484;51,107706
296030,87846536;6600508,51793049;6120;2;127;Fietsnetwerk Westhoek;EL;DEL;2,659291;51,070472
296823,07008999;6600949,34034768;6121;68;127;Fietsnetwerk Westhoek;EM;FIX;2,666407;51,072967
297658,33917442;6603532,18022364;6124;5;127;Fietsnetwerk Westhoek;EO;FIX;2,673910;51,087582
293679,55967717;6608588,79731474;6125;65;127;Fietsnetwerk Westhoek;EP;FIX;2,638168;51,116181
298409,07618536;6608965,76324429;6154;66;127;Fietsnetwerk Westhoek;FG;TODO;2,680654;51,118312
367576,93780769;6606852,61975527;6178;28;125;Fietsnetwerk Brugse Ommeland;F4;OUT;3,302000;51,106363
368974,47060066;6607203,69493977;6179;29;125;Fietsnetwerk Brugse Ommeland;F5;OUT;3,314554;51,108349
369620,30736485;6608568,12589336;6180;30;125;Fietsnetwerk Brugse Ommeland;F6;OUT;3,320356;51,116064
372669,78215700;6607532,28039018;6181;97;125;Fietsnetwerk Brugse Ommeland;F7;OUT;3,347750;51,110207
372589,04983257;6606676,40844334;6182;92;125;Fietsnetwerk Brugse Ommeland;F8;OUT;3,347024;51,105367
369892,89919164;6604989,79516031;6184;31;125;Fietsnetwerk Brugse Ommeland;GA;OUT;3,322804;51,095827
370841,23185305;6605530,16289273;6183;98;125;Fietsnetwerk Brugse Ommeland;F9;OUT;3,331323;51,098884
367768,17631540;6605621,10208614;6185;32;125;Fietsnetwerk Brugse Ommeland;GB;OUT;3,303718;51,099398
370678,19696603;6601111,17022802;6186;35;125;Fietsnetwerk Brugse Ommeland;GC;OUT;3,329859;51,073882
367714,13602622;6599676,82189195;6187;34;125;Fietsnetwerk Brugse Ommeland;GD;OUT;3,303232;51,065764
364963,75699057;6598231,26540788;6188;25;125;Fietsnetwerk Brugse Ommeland;GE;OUT;3,278525;51,057581
346892,50012164;6594633,85546621;6190;5;125;Fietsnetwerk Brugse Ommeland;GG;OUT;3,116188;51,037211
349585,71109728;6592935,02984220;6191;14;125;Fietsnetwerk Brugse Ommeland;GH;OUT;3,140382;51,027588
356775,05452836;6589451,66333332;6193;19;125;Fietsnetwerk Brugse Ommeland;GJ;OUT;3,204965;51,007851
355048,59012258;6586708,99781680;6194;18;125;Fietsnetwerk Brugse Ommeland;GK;OUT;3,189456;50,992304
350729,36066147;6587386,34386763;6195;16;125;Fietsnetwerk Brugse Ommeland;GL;OUT;3,150655;50,996144
349755,02927246;6592967,79191793;6192;15;125;Fietsnetwerk Brugse Ommeland;GI;OUT;3,141903;51,027774
361318,46052101;6592572,12328261;6198;23;125;Fietsnetwerk Brugse Ommeland;GO;OUT;3,245779;51,025532
363927,07948015;6589720,65350154;6200;36;125;Fietsnetwerk Brugse Ommeland;GQ;OUT;3,269213;51,009375
365210,08450264;6586321,92219061;6199;24;125;Fietsnetwerk Brugse Ommeland;GP;OUT;3,280738;50,990110
365784,09447126;6584501,95725145;6201;53;125;Fietsnetwerk Brugse Ommeland;GR;OUT;3,285894;50,979790
360468,77203576;6582111,86381446;6202;54;125;Fietsnetwerk Brugse Ommeland;GS;OUT;3,238146;50,966234
359439,43927818;6582217,74367817;6203;55;125;Fietsnetwerk Brugse Ommeland;GT;OUT;3,228899;50,966835
304253,15754352;6613925,39761110;6204;82;127;Fietsnetwerk Westhoek;GU;TODO;2,733153;51,146345
370216,96661520;6598772,58733118;6205;41;125;Fietsnetwerk Brugse Ommeland;GV;OUT;3,325716;51,060646
369651,44395175;6595077,96153534;6206;42;125;Fietsnetwerk Brugse Ommeland;GW;OUT;3,320635;51,039726
368523,52301508;6590545,63659245;6207;37;125;Fietsnetwerk Brugse Ommeland;GX;OUT;3,310503;51,014050
371022,88956820;6599836,46786008;6208;40;125;Fietsnetwerk Brugse Ommeland;GY;OUT;3,332955;51,066668
375631,04315266;6593817,75539780;6209;44;125;Fietsnetwerk Brugse Ommeland;GZ;OUT;3,374351;51,032588
378436,61478939;6595471,85094654;6210;43;125;Fietsnetwerk Brugse Ommeland;G0;OUT;3,399554;51,041957
377106,31083909;6600339,90285046;6211;39;125;Fietsnetwerk Brugse Ommeland;G1;OUT;3,387604;51,069517
305153,29310549;6612571,52540591;6212;67;127;Fietsnetwerk Westhoek;G2;TODO;2,741239;51,138694
306615,30330208;6610170,83605736;6213;7;127;Fietsnetwerk Westhoek;G3;TODO;2,754372;51,125125
306846,84373876;6611592,83692945;6214;8;127;Fietsnetwerk Westhoek;G4;TODO;2,756452;51,133163
307080,64935513;6611812,40194084;6215;9;127;Fietsnetwerk Westhoek;G5;TODO;2,758552;51,134404
309764,52991112;6614780,86617768;6216;12;127;Fietsnetwerk Westhoek;G6;TODO;2,782662;51,151178
307722,71390352;6616752,66097858;6217;81;127;Fietsnetwerk Westhoek;G7;TODO;2,764320;51,162317
311846,09407921;6610494,62254320;6218;10;127;Fietsnetwerk Westhoek;G8;FIX;2,801361;51,126955
314296,75259309;6605635,01855821;6219;23;127;Fietsnetwerk Westhoek;G9;FIX;2,823376;51,099477
309889,22039843;6604249,09848022;6220;22;127;Fietsnetwerk Westhoek;HA;FIX;2,783782;51,091637
305106,66455060;6604040,20487067;6221;21;127;Fietsnetwerk Westhoek;HB;FIX;2,740820;51,090456
304360,87336226;6603764,09392456;6222;20;127;Fietsnetwerk Westhoek;HC;FIX;2,734120;51,088894
300508,39145484;6606661,65050173;6153;6;127;Fietsnetwerk Westhoek;FF;TODO;2,699513;51,105283
316754,94745490;6610768,31779332;6232;54;127;Fietsnetwerk Westhoek;HM;TODO;2,845458;51,128503
317860,44678668;6611405,26467391;6231;21;127;Fietsnetwerk Westhoek;HL;TODO;2,855389;51,132103
315916,29164271;6613724,17721241;6230;50;127;Fietsnetwerk Westhoek;HK;TODO;2,837924;51,145208
312054,42545258;6614338,04990741;6223;11;127;Fietsnetwerk Westhoek;HD;TODO;2,803233;51,148676
311864,56094573;6615508,26102698;6224;13;127;Fietsnetwerk Westhoek;HE;TODO;2,801527;51,155288
319748,05969885;6618364,66727251;6229;19;127;Fietsnetwerk Westhoek;HJ;TODO;2,872346;51,171421
317939,20247613;6620815,24622796;6227;15;127;Fietsnetwerk Westhoek;HH;TODO;2,856096;51,185258
315006,01448587;6619122,18526341;6225;14;127;Fietsnetwerk Westhoek;HF;TODO;2,829747;51,175699
313602,63815243;6621492,43988098;6226;80;127;Fietsnetwerk Westhoek;HG;TODO;2,817140;51,189081
293140,61861003;6590704,31593817;6243;25;127;Fietsnetwerk Westhoek;HW;FIX;2,633327;51,014949
289936,22733593;6590100,06227151;6244;24;127;Fietsnetwerk Westhoek;HX;FIX;2,604541;51,011525
294348,69453491;6589342,01026550;6242;26;127;Fietsnetwerk Westhoek;HV;FIX;2,644179;51,007229
295703,22081900;6590891,85178829;6241;27;127;Fietsnetwerk Westhoek;HU;FIX;2,656347;51,016012
299600,10087197;6593044,49052321;6240;28;127;Fietsnetwerk Westhoek;HT;FIX;2,691353;51,028208
301164,93378111;6593916,89796006;6239;29;127;Fietsnetwerk Westhoek;HS;FIX;2,705411;51,033150
298424,72634419;6597386,64630261;6238;14;127;Fietsnetwerk Westhoek;HR;FIX;2,680795;51,052799
295329,44917614;6595037,47706685;6237;13;127;Fietsnetwerk Westhoek;HQ;FIX;2,652990;51,039497
294988,36382955;6595357,06413446;6236;12;127;Fietsnetwerk Westhoek;HP;FIX;2,649926;51,041307
294176,79226773;6596371,68610295;6234;10;127;Fietsnetwerk Westhoek;HO;FIX;2,642635;51,047052
303054,73274704;6596612,26504376;6245;15;127;Fietsnetwerk Westhoek;HY;FIX;2,722387;51,048415
299365,30964022;6598201,46543837;6246;72;127;Fietsnetwerk Westhoek;HZ;FIX;2,689244;51,057413
302511,14754465;6599826,19197668;6247;73;127;Fietsnetwerk Westhoek;H0;FIX;2,717504;51,066610
302081,69732614;6601040,75527084;6248;19;127;Fietsnetwerk Westhoek;H1;FIX;2,713646;51,073484
304970,69725625;6599655,73605574;6249;18;127;Fietsnetwerk Westhoek;H2;FIX;2,739598;51,065645
305153,93651180;6597385,16333017;6250;17;127;Fietsnetwerk Westhoek;H3;FIX;2,741244;51,052791
306027,84488559;6596726,25813934;6251;33;127;Fietsnetwerk Westhoek;H4;FIX;2,749095;51,049060
304529,49441717;6595138,95256189;6252;32;127;Fietsnetwerk Westhoek;H5;FIX;2,735635;51,040071
303348,23219923;6595891,07021390;6257;16;127;Fietsnetwerk Westhoek;IA;FIX;2,725024;51,044331
304532,43095603;6593499,33696180;6253;31;127;Fietsnetwerk Westhoek;H6;FIX;2,735661;51,030785
302837,20339343;6591671,75969835;6254;30;127;Fietsnetwerk Westhoek;H7;FIX;2,720433;51,020431
303670,03761496;6590794,52566644;6255;44;127;Fietsnetwerk Westhoek;H8;FIX;2,727914;51,015460
301354,74788358;6590278,36544712;6256;43;127;Fietsnetwerk Westhoek;H9;FIX;2,707116;51,012536
316413,53741325;6596287,91873675;6259;2;127;Fietsnetwerk Westhoek;IB;FIX;2,842391;51,046578
316647,33548965;6593862,12490294;6263;48;127;Fietsnetwerk Westhoek;IF;FIX;2,844491;51,032840
317736,04578695;6593420,21875247;6262;49;127;Fietsnetwerk Westhoek;IE;FIX;2,854271;51,030336
317841,55688370;6593948,97379364;6261;75;127;Fietsnetwerk Westhoek;ID;FIX;2,855219;51,033332
317738,03096252;6593969,45340200;6260;74;127;Fietsnetwerk Westhoek;IC;FIX;2,854289;51,033448
310907,57523899;6593262,33203545;6264;47;127;Fietsnetwerk Westhoek;IG;FIX;2,792930;51,029442
308446,40407519;6593896,84574947;6265;23;127;Fietsnetwerk Westhoek;IH;FIX;2,770821;51,033036
307927,90910734;6593860,93922936;6266;46;127;Fietsnetwerk Westhoek;II;FIX;2,766163;51,032833
307946,29401410;6595923,91950274;6267;34;127;Fietsnetwerk Westhoek;IJ;FIX;2,766329;51,044517
311406,83101075;6601523,76541419;6268;35;127;Fietsnetwerk Westhoek;IK;FIX;2,797415;51,076217
312604,36504379;6599557,88589739;6269;38;127;Fietsnetwerk Westhoek;IL;FIX;2,808173;51,065091
314553,97650870;6596566,44646681;6271;4;127;Fietsnetwerk Westhoek;IN;FIX;2,825686;51,048155
314443,12403035;6596550,86672130;6270;3;127;Fietsnetwerk Westhoek;IM;FIX;2,824691;51,048067
322774,11494055;6602761,08377421;6287;9;127;Fietsnetwerk Westhoek;I3;FIX;2,899529;51,083219
322433,56645568;6605323,85724757;6288;25;127;Fietsnetwerk Westhoek;I4;FIX;2,896470;51,097717
325144,20301205;6606818,29467695;6289;53;127;Fietsnetwerk Westhoek;I5;FIX;2,920820;51,106169
324308,88348189;6608463,74952411;6290;52;127;Fietsnetwerk Westhoek;I6;FIX;2,913316;51,115474
325828,32464856;6601120,23449315;6292;12;127;Fietsnetwerk Westhoek;I8;FIX;2,926966;51,073934
319744,21211741;6612045,33521348;6291;22;127;Fietsnetwerk Westhoek;I7;TODO;2,872311;51,135720
291620,45684608;6585237,41237372;6293;40;127;Fietsnetwerk Westhoek;I9;FIX;2,619671;50,983960
295848,93475085;6587479,23163663;6294;41;127;Fietsnetwerk Westhoek;JA;FIX;2,657656;50,996671
297142,68843633;6587122,52288579;6295;42;127;Fietsnetwerk Westhoek;JB;FIX;2,669278;50,994648
298795,15182642;6584728,52796276;6296;53;127;Fietsnetwerk Westhoek;JC;FIX;2,684123;50,981075
298353,64867656;6582096,65968817;6297;75;127;Fietsnetwerk Westhoek;JD;TODO;2,680156;50,966148
303865,67749036;6582890,77390530;6298;76;127;Fietsnetwerk Westhoek;JE;TODO;2,729672;50,970652
304720,49905649;6583112,23587791;6299;55;127;Fietsnetwerk Westhoek;JF;TODO;2,737351;50,971908
304507,48211721;6580529,80090623;6300;59;127;Fietsnetwerk Westhoek;JG;TODO;2,735437;50,957259
302990,29555662;6579195,62675021;6301;60;127;Fietsnetwerk Westhoek;JH;TODO;2,721808;50,949689
302038,68407028;6578756,65949223;6302;61;127;Fietsnetwerk Westhoek;JI;TODO;2,713260;50,947198
297562,62097743;6577444,17932680;6303;62;127;Fietsnetwerk Westhoek;JJ;TODO;2,673051;50,939749
296324,30453873;6579247,93276807;6304;77;127;Fietsnetwerk Westhoek;JK;TODO;2,661927;50,949986
293165,29273670;6578477,41578054;6305;54;127;Fietsnetwerk Westhoek;JL;TODO;2,633549;50,945613
314402,28457968;6580996,86023224;6306;5;127;Fietsnetwerk Westhoek;JM;FIX;2,824324;50,959909
312391,66726798;6584783,48273255;6307;22;127;Fietsnetwerk Westhoek;JN;FIX;2,806262;50,981386
312355,61759666;6584849,90747624;6308;58;127;Fietsnetwerk Westhoek;JO;FIX;2,805938;50,981763
305185,62112961;6584579,33636864;6309;56;127;Fietsnetwerk Westhoek;JP;TODO;2,741529;50,980229
308902,69548261;6588122,70403710;6310;24;127;Fietsnetwerk Westhoek;JQ;FIX;2,774920;51,000318
312822,70211963;6586610,69610027;6311;57;127;Fietsnetwerk Westhoek;JR;FIX;2,810134;50,991747
313119,36965682;6589666,23367868;6312;51;127;Fietsnetwerk Westhoek;JS;FIX;2,812799;51,009067
317710,11435653;6593164,11981251;6313;50;127;Fietsnetwerk Westhoek;JT;FIX;2,854039;51,028886
315864,65788025;6586366,00138590;6314;21;127;Fietsnetwerk Westhoek;JU;FIX;2,837460;50,990360
316976,19807444;6582577,57977790;6315;56;127;Fietsnetwerk Westhoek;JV;FIX;2,847446;50,968876
315897,72896142;6581670,03533577;6316;63;127;Fietsnetwerk Westhoek;JW;FIX;2,837758;50,963728
328962,06945175;6583325,47518213;6317;1;127;Fietsnetwerk Westhoek;JX;FIX;2,955117;50,973118
323779,38793124;6580043,30696831;6318;53;127;Fietsnetwerk Westhoek;JY;FIX;2,908560;50,954499
323615,08479764;6579942,37898174;6319;54;127;Fietsnetwerk Westhoek;JZ;FIX;2,907084;50,953926
323051,95150535;6583498,53231368;6320;55;127;Fietsnetwerk Westhoek;J0;FIX;2,902025;50,974099
321533,13314377;6587770,21923713;6321;19;127;Fietsnetwerk Westhoek;J1;FIX;2,888381;50,998320
317995,65522710;6587771,14605015;6322;20;127;Fietsnetwerk Westhoek;J2;FIX;2,856604;50,998325
321268,74473045;6590173,37438554;6323;60;127;Fietsnetwerk Westhoek;J3;FIX;2,886006;51,011941
322575,52235873;6588537,85416214;6331;61;127;Fietsnetwerk Westhoek;KB;FIX;2,897745;51,002671
325715,25769747;6590258,69806999;6324;17;127;Fietsnetwerk Westhoek;J4;FIX;2,925950;51,012424
327713,14384965;6588475,26976154;6325;15;127;Fietsnetwerk Westhoek;J5;FIX;2,943897;51,002317
329497,03427006;6589578,91109183;6326;16;127;Fietsnetwerk Westhoek;J6;FIX;2,959922;51,008572
331026,00451358;6587373,14393601;6327;47;127;Fietsnetwerk Westhoek;J7;FIX;2,973657;50,996069
328525,39850992;6586182,04903483;6328;49;127;Fietsnetwerk Westhoek;J8;FIX;2,951194;50,989317
326632,63608081;6586789,39747636;6329;10;127;Fietsnetwerk Westhoek;J9;FIX;2,934191;50,992760
322137,10417188;6588210,48705153;6330;62;127;Fietsnetwerk Westhoek;KA;FIX;2,893807;51,000816
370155,70222992;6588035,97261741;6332;46;125;Fietsnetwerk Brugse Ommeland;KC;OUT;3,325165;50,999827
370368,22164531;6588115,17135081;6333;47;125;Fietsnetwerk Brugse Ommeland;KD;OUT;3,327074;51,000275
373706,39286128;6591321,99993903;6334;45;125;Fietsnetwerk Brugse Ommeland;KE;OUT;3,357062;51,018449
375155,67383349;6593134,99523534;6335;38;125;Fietsnetwerk Brugse Ommeland;KF;OUT;3,370081;51,028721
379910,13693828;6591125,75636073;6336;48;125;Fietsnetwerk Brugse Ommeland;KG;OUT;3,412791;51,017337
380456,60832017;6591446,42124839;6337;49;125;Fietsnetwerk Brugse Ommeland;KH;OUT;3,417700;51,019154
371367,46200374;6581306,14873492;6341;11;126;Fietsnetwerk Leiestreek;KK;OUT;3,336051;50,961664
368398,06917446;6582429,52562342;6342;12;126;Fietsnetwerk Leiestreek;KL;OUT;3,309376;50,968036
337555,46526592;6591192,45159714;6346;45;127;Fietsnetwerk Westhoek;KO;DEL;3,032312;51,017715
344176,07621531;6575793,15849415;6348;37;126;Fietsnetwerk Leiestreek;KQ;OUT;3,091786;50,930377
348101,90667389;6578292,26695171;6351;77;126;Fietsnetwerk Leiestreek;KS;OUT;3,127053;50,944562
349472,90871051;6574751,62420618;6352;76;126;Fietsnetwerk Leiestreek;KT;OUT;3,139369;50,924464
351363,16293872;6576094,57732631;6353;40;126;Fietsnetwerk Leiestreek;KU;OUT;3,156349;50,932088
351795,44809475;6577667,30603829;6354;66;126;Fietsnetwerk Leiestreek;KV;OUT;3,160232;50,941015
348753,57067351;6578202,10265513;6355;78;126;Fietsnetwerk Leiestreek;KW;OUT;3,132907;50,944051
348738,80022374;6574128,95954429;6356;39;126;Fietsnetwerk Leiestreek;KX;OUT;3,132774;50,920929
345663,83434652;6572947,51184652;6357;38;126;Fietsnetwerk Leiestreek;KY;OUT;3,105151;50,914220
350529,65973872;6579154,03583604;6358;26;126;Fietsnetwerk Leiestreek;KZ;OUT;3,148862;50,949453
352263,22655040;6578539,71899259;6359;25;126;Fietsnetwerk Leiestreek;K0;OUT;3,164434;50,945967
358357,64093576;6580800,30401610;6360;24;126;Fietsnetwerk Leiestreek;K1;OUT;3,219181;50,958794
370198,73021979;6577534,52846705;6361;13;126;Fietsnetwerk Leiestreek;K2;OUT;3,325552;50,940262
365667,44264368;6573649,39930206;6362;18;126;Fietsnetwerk Leiestreek;K3;OUT;3,284847;50,918206
365234,62055677;6574122,92873820;6363;19;126;Fietsnetwerk Leiestreek;K4;OUT;3,280958;50,920895
360372,29717333;6576551,78995656;6364;22;126;Fietsnetwerk Leiestreek;K5;OUT;3,237279;50,934684
379131,54022882;6584803,41238629;6366;1;126;Fietsnetwerk Leiestreek;K7;OUT;3,405797;50,981500
381637,70880696;6582506,13781961;6367;2;126;Fietsnetwerk Leiestreek;K8;OUT;3,428310;50,968471
380583,10680031;6581609,63869189;6368;3;126;Fietsnetwerk Leiestreek;L9;OUT;3,418836;50,963385
378377,85830014;6580967,75341136;6370;4;126;Fietsnetwerk Leiestreek;LA;OUT;3,399026;50,959744
374562,12789072;6578768,44924111;6371;10;126;Fietsnetwerk Leiestreek;LB;OUT;3,364749;50,947265
344647,40978147;6571525,60048845;6373;45;126;Fietsnetwerk Leiestreek;LD;OUT;3,096020;50,906144
345945,69824265;6569048,14541483;6374;46;126;Fietsnetwerk Leiestreek;LE;OUT;3,107683;50,892071
342810,36512866;6566533,95781790;6375;47;126;Fietsnetwerk Leiestreek;LF;OUT;3,079518;50,877784
357858,00397600;6574193,50383819;6379;12;126;Fietsnetwerk Leiestreek;LI;OUT;3,214693;50,921295
356694,47928087;6571879,58613195;6380;15;126;Fietsnetwerk Leiestreek;LJ;OUT;3,204241;50,908155
353247,97934479;6570850,40426168;6381;41;126;Fietsnetwerk Leiestreek;LK;OUT;3,173281;50,902309
348222,13539309;6568605,90566573;6382;43;126;Fietsnetwerk Leiestreek;LL;OUT;3,128133;50,889558
347983,67753973;6568632,62222719;6383;44;126;Fietsnetwerk Leiestreek;LM;OUT;3,125991;50,889710
358019,03837730;6574125,60949101;6384;13;126;Fietsnetwerk Leiestreek;LN;OUT;3,216140;50,920910
360510,85661786;6575317,00843307;6385;21;126;Fietsnetwerk Leiestreek;LO;OUT;3,238524;50,927674
362665,09871073;6569317,15737164;6386;26;126;Fietsnetwerk Leiestreek;LP;OUT;3,257876;50,893599
362226,31522441;6573377,89006263;6387;25;126;Fietsnetwerk Leiestreek;LQ;OUT;3,253934;50,916664
362166,18061574;6573633,50724570;6388;20;126;Fietsnetwerk Leiestreek;LR;OUT;3,253394;50,918116
361532,13015302;6565379,71207440;6389;27;126;Fietsnetwerk Leiestreek;LS;OUT;3,247698;50,871223
358885,63745215;6565450,82629226;6390;14;126;Fietsnetwerk Leiestreek;LT;OUT;3,223925;50,871627
365899,39966898;6572575,99886717;6391;17;126;Fietsnetwerk Leiestreek;LU;OUT;3,286930;50,912110
366037,16499139;6572538,47750122;6392;32;126;Fietsnetwerk Leiestreek;LV;OUT;3,288168;50,911897
369724,62335155;6571718,58772956;6393;15;126;Fietsnetwerk Leiestreek;LW;OUT;3,321293;50,907241
371384,54486211;6568741,46317402;6394;16;126;Fietsnetwerk Leiestreek;LX;OUT;3,336204;50,890328
368588,63253200;6566156,93171414;6396;40;126;Fietsnetwerk Leiestreek;LZ;OUT;3,311088;50,875641
368045,37480205;6566615,21814629;6397;39;126;Fietsnetwerk Leiestreek;L0;OUT;3,306208;50,878246
369482,24620963;6565352,07299320;6398;41;126;Fietsnetwerk Leiestreek;L1;OUT;3,319115;50,871066
372080,29268367;6568650,06455176;6395;53;126;Fietsnetwerk Leiestreek;LY;OUT;3,342454;50,889809
366394,20428604;6561257,31342457;6399;35;126;Fietsnetwerk Leiestreek;L2;OUT;3,291375;50,847785
367494,83613841;6561959,16625245;6400;43;126;Fietsnetwerk Leiestreek;L3;OUT;3,301262;50,851776
366119,68329162;6563433,25837523;6401;34;126;Fietsnetwerk Leiestreek;L4;OUT;3,288909;50,860158
366644,52094930;6569274,92275039;6402;33;126;Fietsnetwerk Leiestreek;L5;OUT;3,293624;50,893359
372479,58307942;6576309,05904422;6403;14;126;Fietsnetwerk Leiestreek;L6;OUT;3,346041;50,933306
375473,52389111;6577883,80686492;6404;9;126;Fietsnetwerk Leiestreek;L7;OUT;3,372936;50,942244
378022,67279796;6571531,49365631;6405;7;126;Fietsnetwerk Leiestreek;L8;OUT;3,395835;50,906178
378684,42726506;6571977,97090250;6406;79;126;Fietsnetwerk Leiestreek;M9;OUT;3,401780;50,908714
372236,01559733;6569829,01460394;6407;51;126;Fietsnetwerk Leiestreek;MA;OUT;3,343853;50,896507
382560,58033002;6575803,14303955;6409;87;126;Fietsnetwerk Leiestreek;MC;OUT;3,436600;50,930434
382221,62259563;6576430,38671366;6410;6;126;Fietsnetwerk Leiestreek;MD;OUT;3,433555;50,933995
383052,05881982;6576335,76382275;6411;5;126;Fietsnetwerk Leiestreek;ME;OUT;3,441015;50,933458
376550,14225440;6576564,29890787;6408;8;126;Fietsnetwerk Leiestreek;MB;OUT;3,382607;50,934755
372354,92814990;6568613,79885404;6413;54;126;Fietsnetwerk Leiestreek;MF;OUT;3,344921;50,889603
370192,40285633;6566291,62195039;6414;55;126;Fietsnetwerk Leiestreek;MG;OUT;3,325495;50,876406
378937,07363062;6571863,51483399;6415;80;126;Fietsnetwerk Leiestreek;MH;OUT;3,404050;50,908064
381729,19531337;6572209,96888262;6416;88;126;Fietsnetwerk Leiestreek;MI;OUT;3,429132;50,910031
381889,09156921;6571240,67749082;6417;89;126;Fietsnetwerk Leiestreek;MJ;OUT;3,430568;50,904526
384778,12901007;6568023,19154063;6418;4;126;Fietsnetwerk Leiestreek;MK;OUT;3,456521;50,886247
380293,08482458;6567183,85068474;6420;92;126;Fietsnetwerk Leiestreek;MM;OUT;3,416231;50,881477
380423,04336829;6567238,84304627;6419;91;126;Fietsnetwerk Leiestreek;ML;OUT;3,417398;50,881790
378169,80169178;6565310,21749237;6422;81;126;Fietsnetwerk Leiestreek;MO;OUT;3,397157;50,870828
377971,65819751;6565241,64569792;6423;82;126;Fietsnetwerk Leiestreek;MP;OUT;3,395377;50,870438
375064,40468349;6564189,44035202;6424;63;126;Fietsnetwerk Leiestreek;MQ;OUT;3,369261;50,864457
375912,01336958;6567465,25726201;6426;62;126;Fietsnetwerk Leiestreek;MS;OUT;3,376875;50,883076
372724,48090771;6569466,15484854;6425;52;126;Fietsnetwerk Leiestreek;MR;OUT;3,348241;50,894445
380732,05272538;6568629,22285978;6421;90;126;Fietsnetwerk Leiestreek;MN;OUT;3,420174;50,889690
343843,33364266;6564643,19973186;6427;48;126;Fietsnetwerk Leiestreek;MT;OUT;3,088797;50,867037
344669,97207004;6561947,41671275;6428;66;126;Fietsnetwerk Leiestreek;MU;OUT;3,096223;50,851709
356310,64800720;6563699,50294637;6431;42;126;Fietsnetwerk Leiestreek;MX;OUT;3,200793;50,861672
355235,73485229;6559347,80987911;6432;11;126;Fietsnetwerk Leiestreek;MY;OUT;3,191137;50,836924
352976,08664896;6559581,17700920;6433;5;126;Fietsnetwerk Leiestreek;MZ;OUT;3,170838;50,838252
347670,25877839;6559292,33099946;6434;4;126;Fietsnetwerk Leiestreek;M0;OUT;3,123175;50,836609
359703,36180232;6558514,04698968;6435;16;126;Fietsnetwerk Leiestreek;M1;OUT;3,231270;50,832181
363502,76917534;6558675,85715915;6436;28;126;Fietsnetwerk Leiestreek;M2;OUT;3,265401;50,833102
360095,15474763;6556528,23007724;6437;18;126;Fietsnetwerk Leiestreek;M3;OUT;3,234790;50,820883
358813,27649454;6557568,54605637;6438;17;126;Fietsnetwerk Leiestreek;M4;OUT;3,223275;50,826802
341607,76262658;6555190,56981650;6439;74;126;Fietsnetwerk Leiestreek;M5;OUT;3,068715;50,813270
347083,05017036;6553785,41656053;6440;73;126;Fietsnetwerk Leiestreek;M6;OUT;3,117900;50,805272
347206,02657996;6556285,53640311;6441;71;126;Fietsnetwerk Leiestreek;M7;OUT;3,119005;50,819502
345531,07120481;6559479,27804375;6442;70;126;Fietsnetwerk Leiestreek;M8;OUT;3,103958;50,837672
347881,76194703;6556779,64272567;6443;72;126;Fietsnetwerk Leiestreek;N9;OUT;3,125075;50,822313
351934,74009881;6557156,25737603;6444;6;126;Fietsnetwerk Leiestreek;NA;OUT;3,161484;50,824456
352043,50941711;6556864,14310890;6445;7;126;Fietsnetwerk Leiestreek;NB;OUT;3,162461;50,822794
346969,63471455;6552327,45202980;6446;75;126;Fietsnetwerk Leiestreek;NC;OUT;3,116881;50,796973
346935,27025576;6551772,61925509;6447;3;126;Fietsnetwerk Leiestreek;ND;OUT;3,116573;50,793814
343910,71961344;6548595,50813024;6448;2;126;Fietsnetwerk Leiestreek;NE;OUT;3,089403;50,775721
354937,80367080;6553291,74642875;6450;10;126;Fietsnetwerk Leiestreek;NG;OUT;3,188461;50,802462
359793,87272394;6555965,07205549;6451;19;126;Fietsnetwerk Leiestreek;NH;OUT;3,232083;50,817678
364082,71210363;6558015,38534422;6452;29;126;Fietsnetwerk Leiestreek;NI;OUT;3,270611;50,829344
368718,45914852;6557094,09322927;6455;49;126;Fietsnetwerk Leiestreek;NL;OUT;3,312254;50,824102
369535,94424056;6557697,17616715;6453;47;126;Fietsnetwerk Leiestreek;NJ;OUT;3,319598;50,827534
370085,10770561;6557687,31795613;6454;48;126;Fietsnetwerk Leiestreek;NK;OUT;3,324531;50,827478
365025,23436064;6557367,97533754;6456;36;126;Fietsnetwerk Leiestreek;NM;OUT;3,279077;50,825661
334034,78717258;6588078,59635083;6457;46;127;Fietsnetwerk Westhoek;NN;DEL;3,000686;51,000068
334767,15233759;6593626,46148223;6458;37;127;Fietsnetwerk Westhoek;NO;FIX;3,007264;51,031505
329957,12588774;6593258,91703066;6459;39;127;Fietsnetwerk Westhoek;NP;FIX;2,964055;51,029423
329505,76563372;6593764,36935869;6460;40;127;Fietsnetwerk Westhoek;NQ;FIX;2,960001;51,032286
328949,84573079;6593145,16017982;6461;41;127;Fietsnetwerk Westhoek;NR;FIX;2,955007;51,028778
326502,33499421;6595188,43667455;6462;38;127;Fietsnetwerk Westhoek;NS;FIX;2,933020;51,040352
369467,33187656;6561024,83123392;6463;44;126;Fietsnetwerk Leiestreek;NT;OUT;3,318982;50,846463
369326,41107417;6559514,65943081;6465;45;126;Fietsnetwerk Leiestreek;NV;OUT;3,317716;50,837873
369700,21009370;6559202,09823009;6466;46;126;Fietsnetwerk Leiestreek;NW;OUT;3,321073;50,836095
360391,29332433;6555002,18218049;6468;20;126;Fietsnetwerk Leiestreek;NY;OUT;3,237450;50,812198
332531,54198222;6584711,29148423;6470;48;127;Fietsnetwerk Westhoek;N0;FIX;2,987182;50,980977
335914,27782383;6584713,63392086;6467;66;127;Fietsnetwerk Westhoek;NX;DEL;3,017569;50,980990
368562,03391493;6563136,53467993;6464;42;126;Fietsnetwerk Leiestreek;NU;OUT;3,310849;50,858471
371139,60410115;6560475,89282662;6471;56;126;Fietsnetwerk Leiestreek;N1;OUT;3,334004;50,843341
373510,67143183;6562033,04649130;6472;64;126;Fietsnetwerk Leiestreek;N2;OUT;3,355303;50,852196
380284,16525413;6562035,26552136;6473;94;126;Fietsnetwerk Leiestreek;N3;OUT;3,416151;50,852209
375603,82086514;6559652,81626057;6475;65;126;Fietsnetwerk Leiestreek;N5;OUT;3,374107;50,838659
372340,83771863;6556871,68390280;6477;58;126;Fietsnetwerk Leiestreek;N7;OUT;3,344795;50,822837
372692,39615330;6557591,32562926;6476;57;126;Fietsnetwerk Leiestreek;N6;OUT;3,347953;50,826932
386239,46025556;6562179,89256226;6478;6;126;Fietsnetwerk Leiestreek;N8;OUT;3,469648;50,853031
382079,83212744;6563266,43337517;6479;93;126;Fietsnetwerk Leiestreek;O9;OUT;3,432282;50,859209
389526,23022153;6560062,40797267;6480;18;126;Fietsnetwerk Leiestreek;OA;OUT;3,499174;50,840989
388744,67018189;6560072,83446241;6481;13;126;Fietsnetwerk Leiestreek;OB;OUT;3,492153;50,841048
386700,57679108;6556339,90522506;6482;14;126;Fietsnetwerk Leiestreek;OC;OUT;3,473790;50,819811
385943,71698239;6555825,25336366;6483;8;126;Fietsnetwerk Leiestreek;OD;OUT;3,466991;50,816882
389168,40595557;6555333,73117133;6484;15;126;Fietsnetwerk Leiestreek;OE;OUT;3,495959;50,814085
391614,68870583;6552481,21362026;6485;16;126;Fietsnetwerk Leiestreek;OF;OUT;3,517935;50,797848
389977,99023822;6551990,95448398;6486;19;126;Fietsnetwerk Leiestreek;OG;OUT;3,503232;50,795057
388449,60380897;6550568,76428110;6489;17;126;Fietsnetwerk Leiestreek;OK;OUT;3,489502;50,786959
326860,44091991;6575291,08294657;6490;21;127;Fietsnetwerk Westhoek;OL;TODO;2,936237;50,927527
329903,70045276;6578299,50960294;6491;51;127;Fietsnetwerk Westhoek;OM;TODO;2,963575;50,944603
332378,11698835;6580542,02106994;6492;50;127;Fietsnetwerk Westhoek;ON;TODO;2,985803;50,957328
325117,88305165;6572822,11385779;6494;27;127;Fietsnetwerk Westhoek;OP;TODO;2,920584;50,913508
324725,01960059;6573324,21281742;6495;22;127;Fietsnetwerk Westhoek;OQ;TODO;2,917054;50,916359
329118,88717407;6573550,18775270;6496;28;127;Fietsnetwerk Westhoek;OR;TODO;2,956525;50,917642
385407,42856436;6556011,32363279;6497;7;126;Fietsnetwerk Leiestreek;OS;OUT;3,462174;50,817941
381525,52414617;6561699,08276692;6498;95;126;Fietsnetwerk Leiestreek;OT;OUT;3,427302;50,850297
352685,90471705;6552178,90270563;6500;8;126;Fietsnetwerk Leiestreek;OV;OUT;3,168231;50,796127
358137,35757301;6551312,30004127;6499;22;126;Fietsnetwerk Leiestreek;OU;OUT;3,217203;50,791193
360409,43501742;6553801,26059203;6501;21;126;Fietsnetwerk Leiestreek;OW;OUT;3,237613;50,805363
363122,24342323;6551729,83146546;6503;31;126;Fietsnetwerk Leiestreek;OY;OUT;3,261983;50,793570
364063,74597754;6551245,48323641;6504;30;126;Fietsnetwerk Leiestreek;OZ;OUT;3,270440;50,790812
364965,14769986;6549401,54170371;6505;38;126;Fietsnetwerk Leiestreek;O0;OUT;3,278538;50,780312
357026,04885575;6549485,00754452;6507;23;126;Fietsnetwerk Leiestreek;O2;OUT;3,207220;50,780787
360391,01230824;6548453,10934066;6506;24;126;Fietsnetwerk Leiestreek;O1;OUT;3,237448;50,774910
354989,58719886;6552982,24317362;6502;9;126;Fietsnetwerk Leiestreek;OX;OUT;3,188926;50,800700
366546,24304625;6553190,11827324;6508;37;126;Fietsnetwerk Leiestreek;O3;OUT;3,292741;50,801884
370485,01087716;6554442,01465212;6509;50;126;Fietsnetwerk Leiestreek;O4;OUT;3,328123;50,809010
371805,30897953;6555254,50595060;6510;59;126;Fietsnetwerk Leiestreek;O5;OUT;3,339984;50,813634
374460,73484752;6552588,43204672;6514;67;126;Fietsnetwerk Leiestreek;O7;OUT;3,363838;50,798458
375120,05327168;6551589,97624405;6513;68;126;Fietsnetwerk Leiestreek;O6;OUT;3,369761;50,792774
375373,25913086;6551054,26345399;6515;69;126;Fietsnetwerk Leiestreek;O8;OUT;3,372035;50,789723
376257,67810704;6549069,52141565;6516;73;126;Fietsnetwerk Leiestreek;O9;OUT;3,379980;50,778421
375648,43244677;6548676,83488812;6517;74;126;Fietsnetwerk Leiestreek;PA;OUT;3,374507;50,776184
371011,71487294;6548561,12754897;6520;61;126;Fietsnetwerk Leiestreek;PD;OUT;3,332855;50,775525
374932,08868843;6549992,01395871;6518;71;126;Fietsnetwerk Leiestreek;PB;OUT;3,368072;50,783674
371183,70122543;6548666,35030886;6519;60;126;Fietsnetwerk Leiestreek;PC;OUT;3,334400;50,776124
381434,56309769;6555785,06767248;6521;96;126;Fietsnetwerk Leiestreek;PE;OUT;3,426485;50,816654
381478,63775125;6555745,62032705;6522;97;126;Fietsnetwerk Leiestreek;PF;OUT;3,426881;50,816429
382051,89332639;6554504,27829129;6523;98;126;Fietsnetwerk Leiestreek;PG;OUT;3,432031;50,809364
385756,33610291;6548042,05079191;6487;11;126;Fietsnetwerk Leiestreek;OI;OUT;3,465308;50,772568
386148,04127117;6548653,41230566;6488;10;126;Fietsnetwerk Leiestreek;OJ;OUT;3,468827;50,776051
384616,57743427;6546128,07607780;6524;12;126;Fietsnetwerk Leiestreek;PH;OUT;3,455070;50,761664
383456,47694638;6547544,36003195;6525;9;126;Fietsnetwerk Leiestreek;PI;OUT;3,444648;50,769733
332555,06563941;6565140,04062970;6526;31;127;Fietsnetwerk Westhoek;PJ;TODO;2,987393;50,869861
382316,99492198;6548107,93475436;6529;99;126;Fietsnetwerk Leiestreek;PM;OUT;3,434412;50,772944
329226,16180774;6557785,11421166;6531;42;127;Fietsnetwerk Westhoek;PO;TODO;2,957489;50,828034
327094,32903919;6559869,11819954;6532;55;127;Fietsnetwerk Westhoek;PP;TODO;2,938338;50,839890
326398,56904010;6562157,26070416;6533;56;127;Fietsnetwerk Westhoek;PQ;TODO;2,932088;50,852903
376645,20483666;6549600,42191252;6534;72;126;Fietsnetwerk Leiestreek;PR;OUT;3,383461;50,781444
375890,17382328;6550487,95417272;6535;70;126;Fietsnetwerk Leiestreek;PS;OUT;3,376679;50,786499
373256,30913299;6541823,66920570;6536;76;126;Fietsnetwerk Leiestreek;PT;OUT;3,353018;50,737133
375585,42953545;6543540,84545788;6537;75;126;Fietsnetwerk Leiestreek;PU;OUT;3,373941;50,746921
377938,56299356;6546935,26716006;6538;84;126;Fietsnetwerk Leiestreek;PV;OUT;3,395080;50,766263
380671,05849519;6547285,48037644;6539;1;126;Fietsnetwerk Leiestreek;PW;OUT;3,419626;50,768258
382022,50069534;6544153,75537666;6540;2;126;Fietsnetwerk Leiestreek;PX;OUT;3,431767;50,750414
379756,57093268;6543849,01783427;6541;86;126;Fietsnetwerk Leiestreek;PY;OUT;3,411411;50,748677
373674,28519633;6538387,88796719;6542;77;126;Fietsnetwerk Leiestreek;PZ;OUT;3,356773;50,717543
378612,79678002;6545935,37345608;6543;85;126;Fietsnetwerk Leiestreek;P0;OUT;3,401137;50,760566
327256,85235486;6555295,16449670;6545;44;127;Fietsnetwerk Westhoek;P2;TODO;2,939798;50,813866
298611,83314890;6570404,81896865;6552;2;127;Fietsnetwerk Westhoek;P7;TODO;2,682476;50,899778
297973,82377922;6571536,62193862;6551;70;127;Fietsnetwerk Westhoek;P6;TODO;2,676744;50,906207
297992,75472823;6566152,07896830;6555;79;127;Fietsnetwerk Westhoek;QA;TODO;2,676914;50,875613
295252,98359492;6564926,01574196;6554;78;127;Fietsnetwerk Westhoek;P9;TODO;2,652303;50,868644
294254,55198883;6568143,48778752;6553;65;127;Fietsnetwerk Westhoek;P8;TODO;2,643334;50,886930
292268,53267771;6573677,94245315;6549;69;127;Fietsnetwerk Westhoek;P4;TODO;2,625493;50,918368
295621,48077452;6576890,56744113;6550;71;127;Fietsnetwerk Westhoek;P5;TODO;2,655613;50,936607
291881,93413349;6567136,14241800;6548;1;127;Fietsnetwerk Westhoek;P3;TODO;2,622020;50,881206
291742,12161927;6563701,08910093;6560;76;127;Fietsnetwerk Westhoek;QF;TODO;2,620764;50,861681
291724,97180260;6563188,10369115;6561;77;127;Fietsnetwerk Westhoek;QG;TODO;2,620610;50,858764
296159,63324655;6559162,12903165;6556;83;127;Fietsnetwerk Westhoek;QB;TODO;2,660447;50,835868
296736,53766943;6559381,88280072;6557;84;127;Fietsnetwerk Westhoek;QC;TODO;2,665630;50,837118
296866,24691232;6559441,34024752;6558;85;127;Fietsnetwerk Westhoek;QD;TODO;2,666795;50,837456
297362,43759457;6559979,51125209;6559;86;127;Fietsnetwerk Westhoek;QE;TODO;2,671252;50,840517
303120,89632326;6574251,76295162;6563;3;127;Fietsnetwerk Westhoek;QI;TODO;2,722981;50,921626
303981,29892918;6575126,71464135;6564;69;127;Fietsnetwerk Westhoek;QJ;TODO;2,730710;50,926594
305848,71601685;6577037,25140664;6565;4;127;Fietsnetwerk Westhoek;QK;TODO;2,747486;50,937439
309864,22691478;6576280,67266042;6566;91;127;Fietsnetwerk Westhoek;QL;TODO;2,783558;50,933145
310358,22134069;6575003,70821158;6567;73;127;Fietsnetwerk Westhoek;QM;TODO;2,787995;50,925895
313925,33182031;6573625,93149736;6568;74;127;Fietsnetwerk Westhoek;QN;TODO;2,820039;50,918073
309676,69060643;6568315,20992482;6569;80;127;Fietsnetwerk Westhoek;QO;TODO;2,781873;50,887906
306410,85600010;6573706,66582706;6570;71;127;Fietsnetwerk Westhoek;QP;TODO;2,752536;50,918531
305514,63002099;6573104,38795394;6571;70;127;Fietsnetwerk Westhoek;QQ;TODO;2,744485;50,915111
301846,14020764;6569243,09544365;6572;68;127;Fietsnetwerk Westhoek;QR;TODO;2,711530;50,893178
301593,93683241;6568966,94601322;6573;67;127;Fietsnetwerk Westhoek;QS;TODO;2,709264;50,891609
300606,60126626;6568194,89154662;6574;66;127;Fietsnetwerk Westhoek;QT;TODO;2,700395;50,887222
302433,37760002;6575305,29760119;6562;72;127;Fietsnetwerk Westhoek;QH;TODO;2,716805;50,927608
316590,98296535;6573953,64589321;6575;8;127;Fietsnetwerk Westhoek;QU;TODO;2,843985;50,919933
317220,11409173;6572243,56246510;6576;75;127;Fietsnetwerk Westhoek;QV;TODO;2,849637;50,910222
323700,65240621;6577347,27360632;6577;20;127;Fietsnetwerk Westhoek;QW;TODO;2,907852;50,939199
322552,99509792;6571580,44555304;6578;23;127;Fietsnetwerk Westhoek;QX;TODO;2,897543;50,906456
319921,67331960;6570070,98446047;6579;64;127;Fietsnetwerk Westhoek;QY;TODO;2,873905;50,897882
318971,50762373;6569417,30741663;6580;24;127;Fietsnetwerk Westhoek;QZ;TODO;2,865370;50,894168
318659,47937823;6569736,71016927;6581;25;127;Fietsnetwerk Westhoek;Q0;TODO;2,862567;50,895983
313210,54863593;6566597,76985548;6582;81;127;Fietsnetwerk Westhoek;Q1;TODO;2,813618;50,878146
314977,36450839;6572735,22476809;6583;52;127;Fietsnetwerk Westhoek;Q2;TODO;2,829490;50,913014
303914,48842816;6555261,83132822;6584;11;127;Fietsnetwerk Westhoek;Q3;TODO;2,730110;50,813676
303334,94143088;6562513,43452284;6589;92;127;Fietsnetwerk Westhoek;Q7;TODO;2,724904;50,854928
310209,68710607;6567298,11832899;6590;90;127;Fietsnetwerk Westhoek;Q8;TODO;2,786661;50,882127
311655,38283996;6565442,90130360;6591;82;127;Fietsnetwerk Westhoek;Q9;TODO;2,799648;50,871582
300238,22707895;6555286,65394084;6586;87;127;Fietsnetwerk Westhoek;Q4;TODO;2,697086;50,813817
302059,39365275;6559594,50090638;6587;88;127;Fietsnetwerk Westhoek;Q5;TODO;2,713446;50,838327
303986,42970198;6558976,76321972;6588;89;127;Fietsnetwerk Westhoek;Q6;TODO;2,730757;50,834813
313576,33356598;6561277,38512588;6592;94;127;Fietsnetwerk Westhoek;RA;TODO;2,816904;50,847899
308325,11813674;6561008,56033457;6593;93;127;Fietsnetwerk Westhoek;RB;TODO;2,769732;50,846370
308792,66040702;6559824,15006591;6594;95;127;Fietsnetwerk Westhoek;RC;TODO;2,773932;50,839634
307664,35742211;6555804,61270656;6595;96;127;Fietsnetwerk Westhoek;RD;TODO;2,763796;50,816765
314680,58752928;6550060,56269566;6597;1;127;Fietsnetwerk Westhoek;RE;TODO;2,826824;50,784065
314565,87001565;6549913,11598226;6598;2;127;Fietsnetwerk Westhoek;RF;TODO;2,825793;50,783225
313714,64052962;6548788,74845749;6599;7;127;Fietsnetwerk Westhoek;RG;TODO;2,818147;50,776821
314858,51133501;6548609,35925140;6600;8;127;Fietsnetwerk Westhoek;RH;TODO;2,828422;50,775800
319295,91414987;6548034,53903258;6601;9;127;Fietsnetwerk Westhoek;RI;TODO;2,868284;50,772525
314505,60055700;6543385,14518065;6602;10;127;Fietsnetwerk Westhoek;RJ;TODO;2,825252;50,746034
310786,57367485;6547653,53304727;6603;6;127;Fietsnetwerk Westhoek;RK;TODO;2,791843;50,770355
308678,60499651;6549692,83025979;6605;99;127;Fietsnetwerk Westhoek;RL;TODO;2,772907;50,781971
305738,71516656;6552357,36067372;6606;98;127;Fietsnetwerk Westhoek;RM;TODO;2,746498;50,797143
308306,43067110;6554676,25421581;6607;97;127;Fietsnetwerk Westhoek;RN;TODO;2,769564;50,810343
313726,19242752;6552218,24480515;6609;3;127;Fietsnetwerk Westhoek;RP;TODO;2,818250;50,796351
311346,31473278;6551405,50563097;6608;4;127;Fietsnetwerk Westhoek;RO;TODO;2,796872;50,791723
317260,32212850;6559838,75024599;6610;12;127;Fietsnetwerk Westhoek;RQ;TODO;2,849998;50,839717
319972,85811072;6561267,28802361;6611;36;127;Fietsnetwerk Westhoek;RR;TODO;2,874365;50,847842
322059,19062007;6560686,35982308;6612;38;127;Fietsnetwerk Westhoek;RS;TODO;2,893107;50,844538
325290,69242358;6559218,73022592;6613;40;127;Fietsnetwerk Westhoek;RT;TODO;2,922136;50,836190
322759,82679697;6556334,92655979;6614;47;127;Fietsnetwerk Westhoek;RU;TODO;2,899401;50,819783
321261,54855312;6557270,97381593;6615;48;127;Fietsnetwerk Westhoek;RV;TODO;2,885942;50,825109
325678,17989570;6552668,53388764;6618;51;127;Fietsnetwerk Westhoek;RX;TODO;2,925617;50,798914
324742,04614264;6554823,74660336;6617;46;127;Fietsnetwerk Westhoek;RW;TODO;2,917207;50,811182
323498,03684934;6547556,03089413;6619;52;127;Fietsnetwerk Westhoek;RY;TODO;2,906032;50,769800
320828,23377205;6550287,51695649;6620;50;127;Fietsnetwerk Westhoek;RZ;TODO;2,882049;50,785357
319822,31251857;6554979,62425087;6621;49;127;Fietsnetwerk Westhoek;R0;TODO;2,873013;50,812070
316787,40953991;6553509,29646418;6622;13;127;Fietsnetwerk Westhoek;R1;TODO;2,845750;50,803701
323047,70056213;6567382,66683403;6624;26;127;Fietsnetwerk Westhoek;R2;TODO;2,901987;50,882607
326288,07702338;6562434,75758299;6625;32;127;Fietsnetwerk Westhoek;R3;TODO;2,931096;50,854481
321784,71307411;6561992,72057290;6626;33;127;Fietsnetwerk Westhoek;R4;TODO;2,890641;50,851967
321820,80168343;6561348,60034425;6627;39;127;Fietsnetwerk Westhoek;R5;TODO;2,890965;50,848304
321509,21411022;6561901,98552355;6628;30;127;Fietsnetwerk Westhoek;R6;TODO;2,888166;50,851451
321767,75181257;6562644,51773430;6629;34;127;Fietsnetwerk Westhoek;R7;TODO;2,890489;50,855673
320852,88207629;6563446,95074188;6630;35;127;Fietsnetwerk Westhoek;R8;TODO;2,882270;50,860236
289807,12453100;6601322,34199040;6119;1;127;Fietsnetwerk Westhoek;EK;FIX;2,603382;51,075077
321862,59984630;6590546,18131442;6286;59;127;Fietsnetwerk Westhoek;I2;FIX;2,891341;51,014053
322947,14160409;6591222,55837747;6285;18;127;Fietsnetwerk Westhoek;I1;FIX;2,901084;51,017886
326243,47989137;6595303,35497430;6284;58;127;Fietsnetwerk Westhoek;I0;FIX;2,930695;51,041003
324409,26087616;6596534,08553543;6283;14;127;Fietsnetwerk Westhoek;IZ;FIX;2,914218;51,047972
322446,86917656;6597835,94751601;6282;57;127;Fietsnetwerk Westhoek;IY;FIX;2,896590;51,055343
322986,59466476;6599184,51852865;6281;28;127;Fietsnetwerk Westhoek;IX;FIX;2,901438;51,062978
320525,95996668;6600935,39618922;6280;7;127;Fietsnetwerk Westhoek;IW;FIX;2,879334;51,072888
318811,77252664;6601506,42683024;6279;11;127;Fietsnetwerk Westhoek;IV;FIX;2,863935;51,076119
318037,60770976;6602661,02110438;6278;37;127;Fietsnetwerk Westhoek;IU;FIX;2,856980;51,082653
314549,55588590;6601635,44639125;6277;36;127;Fietsnetwerk Westhoek;IT;FIX;2,825647;51,076849
314174,68060187;6600024,70558467;6276;39;127;Fietsnetwerk Westhoek;IS;FIX;2,822279;51,067733
314731,34494277;6598789,97184893;6275;5;127;Fietsnetwerk Westhoek;IR;FIX;2,827280;51,060744
317888,30627271;6594438,24225327;6274;6;127;Fietsnetwerk Westhoek;IQ;FIX;2,855639;51,036103
318762,47190670;6594275,67818961;6273;69;127;Fietsnetwerk Westhoek;IP;FIX;2,863492;51,035182
318795,79425008;6593959,84105054;6272;1;127;Fietsnetwerk Westhoek;IO;FIX;2,863791;51,033393
313934,00058939;6610778,18562796;6233;1;127;Fietsnetwerk Westhoek;HN;TODO;2,820117;51,128558
310640,81746002;6549179,91936166;6996;5;127;Fietsnetwerk Westhoek;SA;TODO;2,790534;50,779049
344321,16225392;6579878,97914835;6347;79;126;Fietsnetwerk Leiestreek;KP;OUT;3,093090;50,953566
343909,95875899;6595913,34094166;6999;4;125;Fietsnetwerk Brugse Ommeland;SC;OUT;3,089396;51,044457
341673,35402794;6584881,29242548;6343;30;127;Fietsnetwerk Westhoek;KM;FIX;3,069304;50,981941
338549,68535573;6583510,25981146;6344;32;127;Fietsnetwerk Westhoek;KN;FIX;3,041244;50,974166
337956,53212496;6582500,20039418;6350;33;127;Fietsnetwerk Westhoek;KR;FIX;3,035915;50,968437
325306,73910584;6629213,24635530;7087;4;125;Fietsnetwerk Brugse Ommeland;SD;OUT;2,922280;51,232646
326138,20821239;6629865,55601898;7088;8;125;Fietsnetwerk Brugse Ommeland;SE;OUT;2,929749;51,236324
370328,63652030;6650137,18153281;6001;45;219;FNW Zeeuws VL_OVL;BC;OUT;3,326719;51,350499
370359,23482149;6649844,97474533;5994;46;219;FNW Zeeuws VL_OVL;A6;OUT;3,326994;51,348856
373913,88592459;6647612,54313447;6002;51;219;FNW Zeeuws VL_OVL;BD;OUT;3,358926;51,336295
374751,70648752;6647536,57691089;5999;50;219;FNW Zeeuws VL_OVL;BB;OUT;3,366452;51,335868
375052,90512472;6645224,24531936;5998;53;219;FNW Zeeuws VL_OVL;BA;OUT;3,369158;51,322855
377135,69050318;6643361,19478613;7155;96;219;FNW Zeeuws VL_OVL;SI;OUT;3,387868;51,312367
377270,90916044;6648291,60717841;7154;31;219;FNW Zeeuws VL_OVL;SH;OUT;3,389082;51,340116
376537,48872053;6642857,38019276;7156;98;219;FNW Zeeuws VL_OVL;SJ;OUT;3,382494;51,309530
371758,82466256;6632380,55252426;6063;58;219;FNW Zeeuws VL_OVL;C1;OUT;3,339566;51,250505
372248,45674902;6632122,31443914;6096;64;219;FNW Zeeuws VL_OVL;DY;OUT;3,343965;51,249049
378275,42654669;6631003,57528407;6149;65;219;FNW Zeeuws VL_OVL;FB;OUT;3,398106;51,242742
381788,82622465;6636537,94880743;7160;70;219;FNW Zeeuws VL_OVL;SN;OUT;3,429667;51,273936
376228,85295888;6642215,03173172;7162;94;219;FNW Zeeuws VL_OVL;SP;OUT;3,379721;51,305914
377411,87493880;6641955,39193893;7161;99;219;FNW Zeeuws VL_OVL;SO;OUT;3,390349;51,304452
383709,28414243;6629892,53340030;7159;5;219;FNW Zeeuws VL_OVL;SM;OUT;3,446919;51,236476
383689,28908285;6628801,55290100;7158;6;219;FNW Zeeuws VL_OVL;SL;OUT;3,446740;51,230324
383133,77668920;6629503,58972465;7157;3;219;FNW Zeeuws VL_OVL;SK;OUT;3,441749;51,234283
373844,47474356;6641531,09215461;6067;54;219;FNW Zeeuws VL_OVL;C5;OUT;3,358302;51,302063
374019,71920377;6641271,40602202;6066;57;219;FNW Zeeuws VL_OVL;C4;OUT;3,359876;51,300600
374843,47871195;6629221,34868498;6150;66;219;FNW Zeeuws VL_OVL;FC;OUT;3,367276;51,232691
376112,63935900;6627844,23559534;6148;1;219;FNW Zeeuws VL_OVL;FA;OUT;3,378677;51,224924
376576,26186364;6625926,00530660;6147;2;219;FNW Zeeuws VL_OVL;E9;OUT;3,382842;51,214103
383163,00339641;6629339,14840715;7164;4;219;FNW Zeeuws VL_OVL;SR;OUT;3,442012;51,233356
383595,86538789;6626443,00118883;7163;8;219;FNW Zeeuws VL_OVL;SQ;OUT;3,445900;51,217019
374565,87009574;6624337,57101817;6145;78;219;FNW Zeeuws VL_OVL;E8;OUT;3,364782;51,205140
374645,97456535;6622836,81979713;6144;77;219;FNW Zeeuws VL_OVL;E7;OUT;3,365502;51,196670
374156,17661024;6620907,17256668;6143;82;219;FNW Zeeuws VL_OVL;E6;OUT;3,361102;51,185777
381560,76608446;6622952,95828060;7165;9;219;FNW Zeeuws VL_OVL;SS;OUT;3,427619;51,197326
383611,17257706;6625039,85789769;7166;10;219;FNW Zeeuws VL_OVL;ST;OUT;3,446038;51,209103
381759,59329906;6621477,81662370;7167;11;219;FNW Zeeuws VL_OVL;SU;OUT;3,429405;51,188999
381072,41741291;6616999,92154739;7168;79;219;FNW Zeeuws VL_OVL;SV;OUT;3,423232;51,163714
378556,63804292;6617522,34977864;6159;86;219;FNW Zeeuws VL_OVL;FL;OUT;3,400632;51,166664
380371,79773738;6613325,39803938;7169;93;219;FNW Zeeuws VL_OVL;SW;OUT;3,416938;51,142954
380473,31814476;6608608,15602204;7170;90;219;FNW Zeeuws VL_OVL;SX;OUT;3,417850;51,116290
377690,75293967;6608774,04382981;7171;98;219;FNW Zeeuws VL_OVL;SY;OUT;3,392854;51,117228
375615,48810852;6610278,37796785;6164;93;219;FNW Zeeuws VL_OVL;FQ;OUT;3,374211;51,125733
377091,95348696;6613517,29141374;6158;95;219;FNW Zeeuws VL_OVL;FK;OUT;3,387475;51,144039
374967,05863599;6610613,34765292;6163;96;219;FNW Zeeuws VL_OVL;FP;OUT;3,368386;51,127627
372669,78215700;6607532,28039018;6181;97;219;FNW Zeeuws VL_OVL;F7;OUT;3,347750;51,110207
372589,04983257;6606676,40844334;6182;92;219;FNW Zeeuws VL_OVL;F8;OUT;3,347024;51,105367
375342,48531441;6605614,05703650;7172;99;219;FNW Zeeuws VL_OVL;SZ;OUT;3,371759;51,099359
377106,31083909;6600339,90285046;6211;39;219;FNW Zeeuws VL_OVL;G1;OUT;3,387604;51,069517
370841,23185305;6605530,16289273;6183;98;219;FNW Zeeuws VL_OVL;F9;OUT;3,331323;51,098884
380553,51146025;6603212,80016774;7173;1;219;FNW Zeeuws VL_OVL;S0;OUT;3,418570;51,085775
380632,09198433;6602616,72496222;7174;2;219;FNW Zeeuws VL_OVL;S1;OUT;3,419276;51,082402
378436,61478939;6595471,85094654;6210;43;219;FNW Zeeuws VL_OVL;G0;OUT;3,399554;51,041957
380456,60832017;6591446,42124839;6337;49;219;FNW Zeeuws VL_OVL;KH;OUT;3,417700;51,019154
384012,92604749;6595087,23005248;7176;8;219;FNW Zeeuws VL_OVL;S3;OUT;3,449647;51,039779
382882,44806942;6591730,27901988;7175;10;219;FNW Zeeuws VL_OVL;S2;OUT;3,439492;51,020763
382507,31313396;6598840,08979261;7177;4;219;FNW Zeeuws VL_OVL;S4;OUT;3,436122;51,061028
379131,54022882;6584803,41238629;6366;1;219;FNW Zeeuws VL_OVL;K7;OUT;3,405797;50,981500
379910,13693828;6591125,75636073;6336;48;219;FNW Zeeuws VL_OVL;KG;OUT;3,412791;51,017337
385057,26156067;6584917,50648937;7178;81;219;FNW Zeeuws VL_OVL;S5;OUT;3,459028;50,982146
386834,79255570;6589534,11579911;7179;16;219;FNW Zeeuws VL_OVL;S6;OUT;3,474996;51,008318
381637,70880696;6582506,13781961;6367;2;219;FNW Zeeuws VL_OVL;K8;OUT;3,428310;50,968471
385321,55949266;6581880,14037748;7180;88;219;FNW Zeeuws VL_OVL;S7;OUT;3,461402;50,964920
385145,39246341;6583378,91922551;7181;83;219;FNW Zeeuws VL_OVL;S8;OUT;3,459820;50,973421
380583,10680031;6581609,63869189;6368;3;219;FNW Zeeuws VL_OVL;L9;OUT;3,418836;50,963385
383052,05881982;6576335,76382275;6411;5;219;FNW Zeeuws VL_OVL;ME;OUT;3,441015;50,933458
382267,48567658;6574775,74268701;7185;98;219;FNW Zeeuws VL_OVL;TC;OUT;3,433967;50,924601
382749,44076149;6575546,20487820;7184;97;219;FNW Zeeuws VL_OVL;TB;OUT;3,438297;50,928975
384399,46996479;6573421,39245525;7186;99;219;FNW Zeeuws VL_OVL;TD;OUT;3,453119;50,916911
385613,90276110;6575147,62439643;7182;96;219;FNW Zeeuws VL_OVL;S9;OUT;3,464029;50,926713
386646,34674936;6576909,38532626;7183;93;219;FNW Zeeuws VL_OVL;TA;OUT;3,473303;50,936714
385449,66180771;6579967,07733447;7187;90;219;FNW Zeeuws VL_OVL;TE;OUT;3,462553;50,954066
387438,30587282;6582115,39082819;7188;82;219;FNW Zeeuws VL_OVL;TF;OUT;3,480418;50,966254
386381,19896852;6581162,83525599;7189;86;219;FNW Zeeuws VL_OVL;TG;OUT;3,470921;50,960850
382560,58033002;6575803,14303955;6409;87;219;FNW Zeeuws VL_OVL;MC;OUT;3,436600;50,930434
387381,39803654;6581617,83353396;7191;84;219;FNW Zeeuws VL_OVL;TI;OUT;3,479906;50,963432
388056,15178020;6581004,82344643;7190;85;219;FNW Zeeuws VL_OVL;TH;OUT;3,485968;50,959954
381729,19531337;6572209,96888262;6416;88;219;FNW Zeeuws VL_OVL;MI;OUT;3,429132;50,910031
381889,09156921;6571240,67749082;6417;89;219;FNW Zeeuws VL_OVL;MJ;OUT;3,430568;50,904526
384778,12901007;6568023,19154063;6418;4;219;FNW Zeeuws VL_OVL;MK;OUT;3,456521;50,886247
388514,28057519;6567898,70203141;7193;32;219;FNW Zeeuws VL_OVL;TK;OUT;3,490083;50,885539
390080,62367257;6568907,50600747;7194;33;219;FNW Zeeuws VL_OVL;TL;OUT;3,504154;50,891272
387872,93163921;6570477,04722707;7195;31;219;FNW Zeeuws VL_OVL;TM;OUT;3,484322;50,900188
386239,46025556;6562179,89256226;6478;6;219;FNW Zeeuws VL_OVL;N8;OUT;3,469648;50,853031
388744,67018189;6560072,83446241;6481;13;219;FNW Zeeuws VL_OVL;OB;OUT;3,492153;50,841048
389526,23022153;6560062,40797267;6480;18;219;FNW Zeeuws VL_OVL;OA;OUT;3,499174;50,840989
391201,70229365;6558572,34426124;7197;38;219;FNW Zeeuws VL_OVL;TO;OUT;3,514225;50,832513
393764,80905548;6559223,73011616;7198;42;219;FNW Zeeuws VL_OVL;TP;OUT;3,537249;50,836218
390741,66721202;6562559,42004360;7199;37;219;FNW Zeeuws VL_OVL;TQ;OUT;3,510092;50,855189
389168,40595557;6555333,73117133;6484;15;219;FNW Zeeuws VL_OVL;OE;OUT;3,495959;50,814085
391614,68870583;6552481,21362026;6485;16;219;FNW Zeeuws VL_OVL;OF;OUT;3,517935;50,797848
389977,99023822;6551990,95448398;6486;19;219;FNW Zeeuws VL_OVL;OG;OUT;3,503232;50,795057
392523,54682886;6554229,02379882;7201;4;219;FNW Zeeuws VL_OVL;TS;OUT;3,526099;50,807797
392107,14271675;6551629,99093183;7203;5;219;FNW Zeeuws VL_OVL;TU;OUT;3,522358;50,793002
386148,04127117;6548653,41230566;6488;10;219;FNW Zeeuws VL_OVL;OJ;OUT;3,468827;50,776051
386697,50362702;6548185,40383354;7205;2;219;FNW Zeeuws VL_OVL;TW;OUT;3,473763;50,773385
385756,33610291;6548042,05079191;6487;11;219;FNW Zeeuws VL_OVL;OI;OUT;3,465308;50,772568
388449,60380897;6550568,76428110;6489;17;219;FNW Zeeuws VL_OVL;OK;OUT;3,489502;50,786959
390132,19517664;6551723,42777455;7206;1;219;FNW Zeeuws VL_OVL;TX;OUT;3,504617;50,793534
387878,40254945;6547025,60445189;7204;3;219;FNW Zeeuws VL_OVL;TV;OUT;3,484371;50,766778
391471,51387066;6552067,07652061;7202;6;219;FNW Zeeuws VL_OVL;TT;OUT;3,516648;50,795490
394186,80795610;6562477,75795329;7200;45;219;FNW Zeeuws VL_OVL;TR;OUT;3,541040;50,854725
384335,16613430;6578073,87562057;7211;95;219;FNW Zeeuws VL_OVL;TZ;OUT;3,452542;50,943323
384208,86865212;6578157,05222358;7210;94;219;FNW Zeeuws VL_OVL;TY;OUT;3,451407;50,943795
318322,23931522;6624763,11175673;7426;52;125;Fietsnetwerk Brugse Ommeland;T0;OUT;2,859537;51,207541
335576,17649626;6600422,46761214;6103;32;127;Fietsnetwerk Westhoek;D4;NEW;3,014532;51,069985
334059,33219568;6602722,89268421;6012;31;127;Fietsnetwerk Westhoek;BM;NEW;3,000906;51,083003
374411,89532913;6583982,56772939;6340;52;125;Fietsnetwerk Brugse Ommeland;KJ;OUT;3,363399;50,976845
374411,89532913;6583982,56772939;6340;52;126;Fietsnetwerk Leiestreek;KJ;OUT;3,363399;50,976845
374884,27460069;6584253,64655935;6339;51;125;Fietsnetwerk Brugse Ommeland;KI;OUT;3,367643;50,978382
374884,27460069;6584253,64655935;6339;51;126;Fietsnetwerk Leiestreek;KI;OUT;3,367643;50,978382
377183,97631604;6584828,05850519;6338;50;125;Fietsnetwerk Brugse Ommeland;KI;OUT;3,388301;50,981639
377183,97631604;6584828,05850519;6338;50;219;FNW Zeeuws VL_OVL;KI;OUT;3,388301;50,981639
377183,97631604;6584828,05850519;6338;50;126;Fietsnetwerk Leiestreek;KI;OUT;3,388301;50,981639
325143,82733533;6612423,99821060;6008;23;127;Fietsnetwerk Westhoek;BI;OUT;2,920817;51,137860
344681,09962327;6587362,91845258;6197;29;127;Fietsnetwerk Westhoek;GN;FIX;3,096323;50,996011
320502,55400262;6618451,00750778;6228;18;125;Fietsnetwerk Brugse Ommeland;HI;OUT;2,879123;51,171909
320502,55400262;6618451,00750778;6228;18;127;Fietsnetwerk Westhoek;HI;TODO;2,879123;51,171909
335315,96631072;6576035,40788833;6469;65;126;Fietsnetwerk Leiestreek;NZ;OUT;3,012195;50,931753
335315,96631072;6576035,40788833;6469;65;127;Fietsnetwerk Westhoek;NZ;TODO;3,012195;50,931753
334430,73360468;6561651,65862396;6527;41;126;Fietsnetwerk Leiestreek;PK;OUT;3,004242;50,850028
334430,73360468;6561651,65862396;6527;41;127;Fietsnetwerk Westhoek;PK;TODO;3,004242;50,850028
328011,92521958;6553694,15092191;6544;45;126;Fietsnetwerk Leiestreek;P1;OUT;2,946581;50,804753
328011,92521958;6553694,15092191;6544;45;127;Fietsnetwerk Westhoek;P1;TODO;2,946581;50,804753
339295,29403395;6557550,82156251;6528;1;126;Fietsnetwerk Leiestreek;PL;OUT;3,047941;50,826701
339295,29403395;6557550,82156251;6528;1;127;Fietsnetwerk Westhoek;PL;TODO;3,047941;50,826701
340539,06384546;6560324,71446060;6429;37;126;Fietsnetwerk Leiestreek;MV;OUT;3,059114;50,842481
340539,06384546;6560324,71446060;6429;37;127;Fietsnetwerk Westhoek;MV;TODO;3,059114;50,842481
387093,37718381;6564487,79875347;7196;35;219;FNW Zeeuws VL_OVL;TN;OUT;3,477319;50,866153
387093,37718381;6564487,79875347;7196;35;126;Fietsnetwerk Leiestreek;TN;OUT;3,477319;50,866153
386699,22007067;6565664,49588878;7192;34;219;FNW Zeeuws VL_OVL;TJ;OUT;3,473778;50,872842
386699,22007067;6565664,49588878;7192;34;126;Fietsnetwerk Leiestreek;TJ;OUT;3,473778;50,872842
336720,03757807;6556089,49739568;6530;43;126;Fietsnetwerk Leiestreek;PN;OUT;3,024808;50,818386
336720,03757807;6556089,49739568;6530;43;127;Fietsnetwerk Westhoek;PN;TODO;3,024808;50,818386
333703,49072970;6567385,17431741;6493;30;126;Fietsnetwerk Leiestreek;OO;OUT;2,997709;50,882621
333703,49072970;6567385,17431741;6493;30;127;Fietsnetwerk Westhoek;OO;TODO;2,997709;50,882621
333534,45377583;6569129,89340492;6377;29;126;Fietsnetwerk Leiestreek;LH;OUT;2,996191;50,892535
333534,45377583;6569129,89340492;6377;29;127;Fietsnetwerk Westhoek;LH;TODO;2,996191;50,892535
344249,46510274;6594276,83072580;6189;3;125;Fietsnetwerk Brugse Ommeland;GF;OUT;3,092446;51,035189
338427,69854363;6548679,91802323;6449;54;126;Fietsnetwerk Leiestreek;NF;OUT;3,040148;50,776202
338427,69854363;6548679,91802323;6449;54;127;Fietsnetwerk Westhoek;NF;TODO;3,040148;50,776202
340553,91389348;6577566,56127437;6997;34;127;Fietsnetwerk Westhoek;SB;FIX;3,059248;50,940444
334146,10854755;6567817,82020648;6376;36;126;Fietsnetwerk Leiestreek;LG;OUT;3,001686;50,885080
334146,10854755;6567817,82020648;6376;36;127;Fietsnetwerk Westhoek;LG;TODO;3,001686;50,885080
335953,05223976;6570777,10593811;6372;35;126;Fietsnetwerk Leiestreek;LC;OUT;3,017918;50,901893
335953,05223976;6570777,10593811;6372;35;127;Fietsnetwerk Westhoek;LC;TODO;3,017918;50,901893
336777,09218481;6561948,21716898;6430;49;126;Fietsnetwerk Leiestreek;MW;OUT;3,025320;50,851714
336777,09218481;6561948,21716898;6430;49;127;Fietsnetwerk Westhoek;MW;TODO;3,025320;50,851714
376014,22655164;6652188,90943393;7152;29;125;Fietsnetwerk Brugse Ommeland;SF;OUT;3,377793;51,362039
376014,22655164;6652188,90943393;7152;29;219;FNW Zeeuws VL_OVL;SF;OUT;3,377793;51,362039
376793,30903956;6649707,35969169;7153;30;125;Fietsnetwerk Brugse Ommeland;SG;OUT;3,384792;51,348081
376793,30903956;6649707,35969169;7153;30;219;FNW Zeeuws VL_OVL;SG;OUT;3,384792;51,348081
378687,31209665;6559115,66957476;6474;83;126;Fietsnetwerk Leiestreek;N4;OUT;3,401806;50,835604
318310,16361198;6620947,33565514;5966;16;125;Fietsnetwerk Brugse Ommeland;AH;OUT;2,859429;51,186004
318310,16361198;6620947,33565514;5966;16;127;Fietsnetwerk Westhoek;AH;TODO;2,859429;51,186004
320305,87540670;6619371,53089219;5967;17;125;Fietsnetwerk Brugse Ommeland;AI;OUT;2,877357;51,177107
320305,87540670;6619371,53089219;5967;17;127;Fietsnetwerk Westhoek;AI;TODO;2,877357;51,177107
359490,00696355;6579091,21191965;6365;23;125;Fietsnetwerk Brugse Ommeland;K6;OUT;3,229354;50,949096
359490,00696355;6579091,21191965;6365;23;126;Fietsnetwerk Leiestreek;K6;OUT;3,229354;50,949096
347557,25595586;6587070,32773564;6196;28;127;Fietsnetwerk Westhoek;GM;FIX;3,122160;50,994353
289535,68438236;6603180,90149002;0;0;0; ;T1;NEW;2,600943;51,085594
290318,81593822;6607230,05809569;0;0;0; ;T2;NEW;2,607978;51,108498
291203,00306087;6606673,22582336;0;0;0; ;T3;NEW;2,615921;51,105349
293258,73022018;6600866,04827179;0;0;0; ;T4;NEW;2,634388;51,072495
284898,30958294;6600453,00366212;0;0;0; ;T5;NEW;2,559285;51,070157
284978,52846034;6598335,74862133;0;0;0; ;T6;NEW;2,560006;51,058173
287213,14677985;6594784,61361565;0;0;0; ;T8;NEW;2,580080;51,038065
288150,15501530;6592528,87079883;0;0;0; ;T9;NEW;2,588497;51,025287
294067,94049892;6594736,24581680;0;0;0; ;UA;NEW;2,641657;51,037791
296324,55683402;6600888,60829107;0;0;0; ;UB;NEW;2,661929;51,072623
296929,37094361;6600965,76716097;0;0;0; ;UC;NEW;2,667362;51,073060
297164,90835298;6601153,31014167;0;0;0; ;UD;NEW;2,669478;51,074121
286040,30590734;6594308,13944201;0;0;0; ;T7;NEW;2,569544;51,035366
294292,98937383;6607713,38472085;0;0;0; ;UE;NEW;2,643679;51,111231
287970,07983180;6588818,75324434;0;0;0; ;UF;NEW;2,586879;51,004263
290907,28099897;6586301,20540854;0;0;0; ;UG;NEW;2,613265;50,989992
293550,93955212;6586322,46703316;0;0;0; ;UH;NEW;2,637013;50,990113
301823,23735719;6600016,57165311;0;0;0; ;UI;NEW;2,711324;51,067687
317145,04792982;6597446,21378218;0;0;0; ;UJ;NEW;2,848962;51,053137
315748,72355845;6601533,15723240;0;0;0; ;UK;NEW;2,836419;51,076270
305428,92089168;6599764,54161098;0;0;0; ;UM;NEW;2,743715;51,066261
302366,37754135;6599944,06141862;0;0;0; ;UN;NEW;2,716203;51,067277
308601,28131872;6599159,85365163;0;0;0; ;UL;NEW;2,772212;51,062838
311390,11985933;6596262,27855942;0;0;0; ;UO;NEW;2,797265;51,046433
308713,44650352;6595061,81105801;0;0;0; ;UP;NEW;2,773220;51,039635
308615,50096069;6595049,09454416;0;0;0; ;UQ;NEW;2,772340;51,039563
308764,32938335;6594711,75011946;0;0;0; ;UR;NEW;2,773677;51,037652
302339,10230595;6592387,59885132;0;0;0; ;US;NEW;2,715958;51,024487
301145,24136139;6592131,52157349;0;0;0; ;UT;NEW;2,705234;51,023036
301957,35977100;6589557,62886063;0;0;0; ;UU;NEW;2,712529;51,008451
300584,39774129;6589726,02644220;0;0;0; ;UV;NEW;2,700196;51,009405
303082,94844575;6585886,60481150;0;0;0; ;UW;NEW;2,722640;50,987641
303068,62272032;6585833,56183167;0;0;0; ;UX;NEW;2,722512;50,987341
304131,78641640;6589596,94191257;0;0;0; ;UY;NEW;2,732062;51,008674
300675,58040308;6586681,56237722;0;0;0; ;UZ;NEW;2,701015;50,992149
300387,30253638;6586115,10723533;0;0;0; ;U0;NEW;2,698425;50,988937
296243,91251565;6587617,71397249;0;0;0; ;U1;NEW;2,661204;50,997456
305998,53665706;6584650,23092785;0;0;0; ;U2;NEW;2,748832;50,980631
308544,00438782;6583371,97955108;0;0;0; ;U3;NEW;2,771698;50,973382
310448,25347114;6578831,29780198;0;0;0; ;VG;NEW;2,788804;50,947621
312335,91922369;6584816,93707813;0;0;0; ;U6;NEW;2,805761;50,981576
311906,12531488;6585200,04737637;0;0;0; ;U5;NEW;2,801900;50,983749
309456,13298926;6581004,06854732;0;0;0; ;U4;NEW;2,779892;50,959950
312584,57249474;6587360,45385997;0;0;0; ;U7;NEW;2,807995;50,995997
311813,18095160;6591570,21661282;0;0;0; ;U8;NEW;2,801065;51,019856
315961,15889840;6594587,54395968;0;0;0; ;VH;NEW;2,838327;51,036948
316954,95963816;6595589,67841015;0;0;0; ;HI;NEW;2,847255;51,042624
315299,90225771;6590736,12708467;0;0;0; ;U9;NEW;2,832387;51,015130
317468,57903513;6592211,18917697;0;0;0; ;VJ;NEW;2,851869;51,023487
315972,25565075;6589643,40309186;0;0;0; ;VA;NEW;2,838427;51,008937
318525,75023684;6588377,21880968;0;0;0; ;VB;NEW;2,861365;51,001761
319872,25226752;6585576,77904300;0;0;0; ;VC;NEW;2,873461;50,985885
320835,16239261;6602448,57488539;0;0;0; ;VF;NEW;2,882111;51,081451
313108,21018502;6608899,58494098;0;0;0; ;VK;NEW;2,812699;51,117938
308065,61789229;6607656,67321432;0;0;0; ;VL;NEW;2,767401;51,110910
319224,99605210;6608023,09807041;0;0;0; ;VM;NEW;2,867647;51,112982
323196,04444099;6583605,06056654;0;0;0; ;VE;NEW;2,903319;50,974704
321552,07723850;6583410,89515280;0;0;0; ;VD;NEW;2,888551;50,973602
335291,55880006;6587218,37162690;0;0;0; ;VN;NEW;3,011975;50,995192
332518,06135108;6590734,11565196;0;0;0; ; ;NEW;2,987061;51,015118
332518,06135108;6590734,11565196;0;0;0; ;VO;NEW;2,987061;51,015118
330359,19499444;6590459,93240212;0;0;0; ;VP;NEW;2,967667;51,013564
337104,93243335;6587893,02001239;0;0;0; ;VQ;NEW;3,028265;50,999016
336676,40004809;6586496,15830810;0;0;0; ;VR;NEW;3,024416;50,991097
338809,61317031;6592541,72420166;0;0;0; ; ;NEW;3,043579;51,025360
338809,61317031;6592541,72420166;0;0;0; ;VS;NEW;3,043579;51,025360
340616,78675055;6592846,70150370;0;0;0; ;VT;NEW;3,059813;51,027088
331583,67493447;6594469,71389411;0;0;0; ;VX;NEW;2,978667;51,036281
340581,99785077;6585167,74757103;0;0;0; ;VW;NEW;3,059500;50,983565
335541,10724631;6584082,28633347;0;0;0; ;VY;NEW;3,014217;50,977410
341255,23588388;6589575,31394841;0;0;0; ;VU;NEW;3,065548;51,008551
341140,89689305;6589317,44586151;0;0;0; ;VV;NEW;3,064521;51,007090
335166,84065919;6601277,61564866;0;0;0; ;VZ;NEW;3,010855;51,074824
332642,63847812;6603987,97498684;0;0;0; ;V4;NEW;2,988180;51,090160
334553,99230083;6604559,47612984;0;0;0; ;V3;OUT;3,005350;51,093393
335145,00238771;6604459,32287288;0;0;0; ;V2;OUT;3,010659;51,092827
336090,69537424;6604807,12662516;0;0;0; ;V1;OUT;3,019154;51,094794
338858,86887010;6602784,39849374;0;0;0; ;V0;OUT;3,044021;51,083351
331664,42548243;6603849,06908445;0;0;0; ;V5;NEW;2,979392;51,089374
331753,42845556;6599902,24494710;0;0;0; ;V6;NEW;2,980192;51,067040
327775,44445468;6601779,80083060;0;0;0; ;V7;NEW;2,944457;51,077666
331959,12605461;6598078,14200115;0;0;0; ;V8;NEW;2,982040;51,056714
333260,70638093;6597622,08725508;0;0;0; ; ;NEW;2,993732;51,054132
333255,41470368;6597627,37893232;0;0;0; ;V9;NEW;2,993684;51,054162
333488,24850268;6597775,54589533;0;0;0; ;WA;NEW;2,995776;51,055001
327931,37011541;6607076,74319131;0;0;0; ;WB;NEW;2,945858;51,107631
329281,32153218;6609000,81139693;0;0;0; ;WC;NEW;2,957984;51,118511
331604,78863853;6610540,72193544;0;0;0; ;WD;NEW;2,978856;51,127216
332661,17384662;6608788,29461674;0;0;0; ;WE;NEW;2,988346;51,117309
335683,07765354;6610714,88489839;0;0;0; ;WF;OUT;3,015492;51,128201
345283,33618402;6590727,06197402;0;0;0; ;WG;NEW;3,101733;51,015078
342489,04818085;6585416,70099910;0;0;0; ;WH;NEW;3,076631;50,984977
344011,47854745;6584148,64714834;0;0;0; ;WI;NEW;3,090308;50,977786
346358,87110236;6585188,39252976;0;0;0; ;WK;NEW;3,111395;50,983683
344486,50023595;6581642,10093022;0;0;0; ;WM;NEW;3,094575;50,963569
347747,93638049;6584946,81595966;0;0;0; ;WL;NEW;3,123873;50,982313
344858,07741054;6587126,80893576;0;0;0; ;WO;NEW;3,097913;50,994673
349111,04627512;6583961,80134625;0;0;0; ;WP;OUT;3,136118;50,976727
345180,69035329;6584297,80282220;0;0;0; ;WJ;NEW;3,100811;50,978632
342146,67321223;6576993,60152669;0;0;0; ;WQ;NEW;3,073556;50,937192
342207,34958134;6575016,48287282;0;0;0; ;WR;NEW;3,074101;50,925968
