XCoord;YCoord;FID;KNOOPID;VOLGNR;NETWERKID;CODE;STATUS;LON_X;LAT_Y
324440,23636787;6621771,45729192;0;5959;51;125;AA;IN;2,914496;51,190657
327241,45302727;6620852,45469073;1;5960;20;125;AB;IN;2,939660;51,185469
327149,92797859;6619668,05224245;2;5961;53;125;AC;IN;2,938838;51,178781
333339,24985812;6621149,05349166;3;5962;54;125;AD;IN;2,994437;51,187143
329195,54477716;6624463,95743173;4;5963;11;125;AE;IN;2,957214;51,205853
326808,14485130;6626430,06614192;5;5964;2;125;AF;IN;2,935768;51,216946
325568,44429510;6627792,84294446;6;5965;1;125;AG;IN;2,924631;51,224634
333055,68387507;6627736,35937536;7;5969;26;125;AJ;IN;2,991890;51,224316
339097,93832916;6632966,74687586;8;5971;13;125;AK;IN;3,046169;51,253810
337807,87999928;6635140,93145475;9;5972;7;125;AL;IN;3,034580;51,266064
337716,21060720;6636266,75553558;10;5973;6;125;AM;IN;3,033756;51,272408
332781,12075651;6631343,94655142;11;5974;5;125;AN;IN;2,989424;51,244661
327448,43145224;6627812,13534864;12;5976;3;125;AO;IN;2,941519;51,224743
334436,63464213;6629025,96434045;13;5977;12;125;AP;IN;3,004295;51,231589
341483,27912458;6639259,45580543;14;5978;9;125;AQ;IN;3,067596;51,289269
347068,24005066;6639758,67506783;15;5979;10;125;AR;IN;3,117767;51,292081
347614,04255290;6639986,28224571;16;5980;30;125;AS;IN;3,122670;51,293363
349553,15356058;6639929,24720173;17;5981;29;125;AT;IN;3,140089;51,293041
349899,74203359;6642263,69162759;18;5982;26;125;AU;IN;3,143203;51,306188
352703,50716988;6639562,96608007;19;5983;28;125;AV;IN;3,168390;51,290978
354364,40157993;6639426,86047443;20;5984;27;125;AW;IN;3,183310;51,290212
351833,93277749;6645180,01125841;21;5985;33;125;AX;IN;3,160578;51,322606
349013,56767560;6643520,38141663;22;5986;32;125;AY;IN;3,135242;51,313263
348625,33702191;6643320,84672774;23;5987;31;125;AZ;IN;3,131755;51,312140
359292,93661465;6648203,94943391;24;5988;36;125;A0;IN;3,227583;51,339623
360824,10077775;6643807,40254210;25;5989;38;125;A1;IN;3,241338;51,314879
364203,79573647;6645664,11317669;26;5991;40;125;A3;IN;3,271698;51,325330
363607,97070762;6646002,99889627;27;5990;39;125;A2;IN;3,266346;51,327238
366180,56750362;6649435,27852273;28;5992;42;125;A4;IN;3,289456;51,346551
362313,05170156;6648823,99830179;29;5993;37;125;A5;IN;3,254714;51,343112
368864,58626479;6647989,01499312;30;5995;43;125;A7;IN;3,313567;51,338414
368484,48307600;6645429,96342186;31;5996;44;125;A8;IN;3,310152;51,324013
370193,53730895;6644696,15854394;32;5997;47;125;A9;IN;3,325505;51,319882
373672,73442026;6647243,90279956;33;6004;52;125;BE;IN;3,356759;51,334221
331124,47111547;6613674,76572792;34;6006;32;125;BG;IN;2,974542;51,144929
332697,55046863;6611986,82286729;35;6007;34;125;BH;IN;2,988673;51,135390
325806,04485567;6610732,83814853;36;6009;24;127;BJ;FIX;2,926765;51,128302
327816,42532648;6607798,35197708;37;6010;26;127;BK;FIX;2,944825;51,111712
331045,96629146;6603818,37248762;38;6011;29;127;BL;FIX;2,973837;51,089201
339078,01871686;6614707,47702189;39;6014;41;125;BO;IN;3,045990;51,150764
343115,90386456;6612946,63365130;40;6015;55;125;BP;IN;3,082263;51,140814
343997,74931888;6617469,09143718;41;6016;51;125;BQ;IN;3,090184;51,166364
344989,64159981;6617475,07590783;42;6017;54;125;BR;IN;3,099095;51,166397
338464,22734957;6620318,70231251;43;6019;44;125;BT;IN;3,040476;51,182455
338477,69570799;6618979,20633146;44;6020;45;125;BU;IN;3,040597;51,174892
337559,55643098;6618537,96358346;45;6021;38;125;BV;IN;3,032349;51,172400
334381,69427682;6625176,90599693;46;6023;29;125;BX;IN;3,003802;51,209876
334433,58884742;6625144,61531926;47;6024;42;125;BY;IN;3,004268;51,209694
333453,07090071;6621261,96686459;48;6025;30;125;BZ;IN;2,995460;51,187780
334665,30280145;6620740,71757529;49;6026;43;125;B0;IN;3,006350;51,184838
345340,67760066;6621562,61217602;50;6027;50;125;B1;IN;3,102248;51,189478
343276,40310764;6624058,42800790;51;6028;49;125;B2;IN;3,083704;51,203565
338355,11436647;6623526,50386995;52;6029;47;125;B3;IN;3,039496;51,200563
333820,33945647;6625994,88122903;53;6030;28;125;B4;IN;2,998759;51,214491
334427,40616815;6625318,85330805;54;6031;27;125;B5;IN;3,004213;51,210677
343283,09905911;6624140,20575822;55;6032;52;125;B6;IN;3,083765;51,204026
347946,96178058;6625026,02180804;56;6033;56;125;B7;IN;3,125661;51,209025
342488,67027953;6623919,11976214;57;6034;48;125;B8;IN;3,076628;51,202778
338507,50579014;6623621,29117434;58;6035;25;125;B9;IN;3,040865;51,201098
347265,76555624;6628741,11936554;59;6036;21;125;CA;IN;3,119541;51,229983
342683,29114009;6627870,59112986;60;6037;22;125;CB;IN;3,078376;51,225073
341991,56589832;6625902,32980872;61;6038;23;125;CC;IN;3,072163;51,213969
338856,05155734;6624895,25964303;62;6039;24;125;CD;IN;3,043996;51,208287
347062,16129191;6629580,31212993;63;6040;20;125;CE;IN;3,117712;51,234716
353266,69039048;6626443,87868859;64;6042;64;125;CG;IN;3,173449;51,217024
351498,30048621;6628967,47058338;65;6041;58;125;CF;IN;3,157563;51,231259
351448,72072086;6633173,05012270;66;6043;61;125;CH;IN;3,157118;51,254972
351215,86571453;6633519,74180135;67;6044;19;125;CI;IN;3,155026;51,256927
347747,85689543;6637067,24385809;68;6045;15;125;CJ;IN;3,123872;51,276919
351777,42767479;6635214,52167264;69;6046;18;125;CK;IN;3,160070;51,266479
354641,61537081;6630818,01776529;70;6048;41;125;CM;IN;3,185800;51,241695
353709,53822385;6632780,52980163;71;6050;40;125;CO;IN;3,177427;51,252760
361461,64847026;6632672,35143953;72;6051;12;125;CP;IN;3,247065;51,252150
363223,31728949;6630158,82663214;73;6052;10;125;CQ;IN;3,262891;51,237978
366437,18904300;6635403,12013124;74;6054;25;125;CS;IN;3,291761;51,267542
365129,37336378;6632718,07102729;75;6053;13;125;CR;IN;3,280013;51,252408
365748,76384041;6636355,13390830;76;6055;21;125;CT;IN;3,285577;51,272906
364277,60157375;6634444,80605320;77;6056;23;125;CU;IN;3,272361;51,262141
361667,17470203;6633064,65685699;78;6057;11;125;CV;IN;3,248912;51,254361
364226,98064525;6638275,09944810;79;6059;41;125;CX;IN;3,271907;51,283724
365236,44109634;6637097,54934186;80;6058;22;125;CW;IN;3,280975;51,277090
369695,37574797;6633487,33536942;81;6061;59;125;CZ;IN;3,321030;51,256744
371667,04957464;6632434,21956221;82;6062;63;125;C0;IN;3,338742;51,250808
366938,61735791;6634950,20101978;83;6060;16;125;CY;IN;3,296266;51,264989
367071,35797979;6635323,31895128;84;6064;17;125;C2;IN;3,297458;51,267092
365855,88399696;6636538,67918169;85;6065;20;125;C3;IN;3,286539;51,273941
371447,25368022;6639671,23282676;86;6068;55;125;C6;IN;3,336767;51,291588
371129,02372730;6639451,59114217;87;6069;56;125;C7;IN;3,333909;51,290351
367798,96348776;6636308,72099498;88;6070;18;125;C8;IN;3,303994;51,272645
367589,69800149;6636993,22797079;89;6071;19;125;C9;IN;3,302114;51,276502
347941,86461273;6624920,36073862;90;6072;57;125;DA;IN;3,125615;51,208428
349349,81480305;6623727,78319450;91;6073;67;125;DB;IN;3,138263;51,201699
349797,30382968;6621462,08439978;92;6074;68;125;DC;IN;3,142283;51,188910
351733,57741610;6618220,86529835;93;6075;71;125;DD;IN;3,159676;51,170609
351547,71703827;6618020,74967013;94;6076;72;125;DE;IN;3,158007;51,169479
353615,53223931;6615770,97381209;95;6077;96;125;DF;IN;3,176582;51,156772
354779,23017041;6615907,60587485;96;6078;97;125;DG;IN;3,187036;51,157544
354950,48734205;6617518,84074502;97;6080;99;125;DI;IN;3,188574;51,166645
354501,73793979;6620853,13429837;98;6079;70;125;DH;IN;3,184543;51,185472
354976,11455031;6621433,02744597;99;6081;69;125;DJ;IN;3,188805;51,188746
353156,77302334;6625044,06683376;100;6082;26;125;DK;IN;3,172461;51,209126
353363,44834888;6626377,40408587;101;6083;65;125;DL;IN;3,174318;51,216649
359958,11984798;6627107,73210970;102;6089;3;125;DR;IN;3,233559;51,220770
359880,38013135;6627186,02992292;103;6090;2;125;DS;IN;3,232860;51,221211
358625,14655505;6627269,65985816;104;6091;1;125;DT;IN;3,221585;51,221683
357679,69492415;6624279,25653141;105;6086;7;125;DO;IN;3,213091;51,204811
357948,55751384;6623512,75441054;106;6087;6;125;DP;IN;3,215507;51,200485
359493,75069475;6623391,10047982;107;6088;5;125;DQ;IN;3,229387;51,199798
356485,50073788;6626446,07308059;108;6085;4;125;DN;IN;3,202364;51,217037
356285,48275584;6626424,44883142;109;6084;63;125;DM;IN;3,200567;51,216915
365597,40878719;6631798,33069521;110;6093;15;125;DV;IN;3,284217;51,247223
362299,01392431;6627574,89031430;111;6092;8;125;DU;IN;3,254587;51,223405
369504,23390423;6632583,65336548;112;6095;60;125;DX;IN;3,319313;51,251650
365206,47940407;6632629,47132983;113;6094;14;125;DW;IN;3,280706;51,251908
369737,29541993;6630570,26579851;114;6097;62;125;DZ;IN;3,321407;51,240298
367635,10340726;6629526,99521400;115;6098;61;125;D0;IN;3,302522;51,234415
363062,54251620;6626689,16073657;116;6099;9;125;D1;IN;3,261446;51,218408
340872,54822181;6601795,20643991;117;6100;85;125;D2;IN;3,062110;51,077753
340690,92964478;6600424,69878014;118;6101;1;125;D3;IN;3,060479;51,069997
338576,12506546;6592690,74208633;119;6107;43;127;D8;FIX;3,041481;51,026204
337404,29289720;6594820,33216831;120;6106;36;127;D7;FIX;3,030954;51,038267
337155,90495559;6595119,82130175;121;6105;35;127;D6;FIX;3,028723;51,039963
335023,01130208;6600083,81214479;122;6104;33;127;D5;FIX;3,009563;51,068068
346221,26385153;6606748,36997178;123;6110;82;125;EB;IN;3,110159;51,105774
342169,75800678;6603388,63341928;124;6109;84;125;EA;IN;3,073763;51,086769
296929,72530704;6600163,00614060;125;6156;4;127;FI;FIX;2,667365;51,068516
296599,22524303;6600085,78103041;126;6155;3;127;FH;FIX;2,664396;51,068079
347657,46527571;6613901,08062785;127;6112;77;125;ED;IN;3,123060;51,146207
354210,20084323;6611265,53572121;128;6114;94;125;EF;IN;3,181924;51,131313
353692,98931706;6608060,39920072;129;6115;91;125;EG;IN;3,177278;51,113193
350336,64744838;6603868,12674496;130;6116;88;125;EH;IN;3,147128;51,089482
350289,31482056;6600946,61046978;131;6117;8;125;EI;IN;3,146702;51,072951
345250,86689797;6599551,18001136;132;6123;2;125;EN;IN;3,101441;51,065053
351072,11509864;6602912,59294593;133;6118;89;125;EJ;IN;3,153734;51,084076
360133,25052259;6620038,13703402;134;6126;69;125;EQ;IN;3,235132;51,180871
362919,60612177;6616262,09803455;135;6128;71;125;ER;IN;3,260162;51,159546
357719,62003182;6613277,15185454;136;6133;83;125;EW;IN;3,213450;51,142682
360116,96813241;6611035,67014872;137;6132;84;125;EV;IN;3,234986;51,130014
363219,35665447;6610355,56645606;138;6130;86;125;ET;IN;3,262855;51,126169
360670,28932496;6608507,01509952;139;6131;85;125;EU;IN;3,239956;51,115719
365845,08480585;6625494,37778995;140;6152;68;125;FE;IN;3,286442;51,211667
363180,82407758;6621881,18081132;141;6134;70;125;EX;IN;3,262509;51,191276
364435,17219269;6621154,61720308;142;6135;73;125;EY;IN;3,273777;51,187174
364405,90307906;6619747,83042734;143;6139;72;125;E2;IN;3,273514;51,179232
366710,33437353;6613267,90041647;144;6129;87;125;ES;IN;3,294215;51,142629
367355,46601771;6614894,19858151;145;6138;89;125;E1;IN;3,300010;51,151819
370213,33490585;6619431,28681689;146;6136;81;125;EZ;IN;3,325683;51,177445
370566,39071768;6627732,65928962;147;6151;67;125;FD;IN;3,328855;51,224295
370198,79929005;6621290,19412362;148;6142;80;125;E5;IN;3,325552;51,187940
367848,61625034;6624194,24244910;149;6141;76;125;E4;IN;3,304440;51,204331
366614,23329323;6623784,92966160;150;6140;75;125;E3;IN;3,293352;51,202021
374101,46233522;6613496,67244036;151;6157;94;125;FJ;IN;3,360611;51,143922
370733,06764174;6612651,82986890;152;6160;91;125;FM;IN;3,330352;51,139148
370981,63438225;6612127,55315490;153;6161;88;125;FN;IN;3,332585;51,136185
371724,56053153;6611396,18764132;154;6162;99;125;FO;IN;3,339259;51,132052
375615,48810852;6610278,37796785;155;6164;93;125;FQ;FIX;3,374211;51,125733
354763,43445218;6607314,08863256;156;6165;92;125;FR;IN;3,186894;51,108973
351917,60585972;6603113,70890790;157;6166;90;125;FS;IN;3,161330;51,085214
353903,31312676;6599214,59085377;158;6167;9;125;FT;IN;3,179168;51,063148
357695,28607740;6598252,96947685;159;6168;20;125;FU;IN;3,213231;51,057704
353252,27874093;6597727,57277454;160;6169;12;125;FV;IN;3,173319;51,054730
353416,54514608;6597280,48014703;161;6170;13;125;FW;IN;3,174795;51,052198
363564,57489805;6603221,82978154;162;6171;22;125;FX;IN;3,265956;51,085826
363270,27851607;6604892,04423248;163;6172;11;125;FY;IN;3,263312;51,095275
357294,55466209;6596082,35062813;164;6175;21;125;F1;IN;3,209632;51,045414
365121,95765716;6606608,36003543;165;6176;27;125;F2;IN;3,279946;51,104982
365515,75469400;6607090,08881100;166;6177;26;125;F3;IN;3,283484;51,107706
296823,07008999;6600949,34034768;167;6121;68;127;EM;FIX;2,666407;51,072967
297658,33917442;6603532,18022364;168;6124;5;127;EO;FIX;2,673910;51,087582
293679,55967717;6608588,79731474;169;6125;65;127;EP;FIX;2,638168;51,116181
298409,07618536;6608965,76324429;170;6154;66;127;FG;FIX;2,680654;51,118312
367576,93780769;6606852,61975527;171;6178;28;125;F4;IN;3,302000;51,106363
368974,47060066;6607203,69493977;172;6179;29;125;F5;IN;3,314554;51,108349
369620,30736485;6608568,12589336;173;6180;30;125;F6;IN;3,320356;51,116064
369892,89919164;6604989,79516031;174;6184;31;125;GA;IN;3,322804;51,095827
367768,17631540;6605621,10208614;175;6185;32;125;GB;IN;3,303718;51,099398
370678,19696603;6601111,17022802;176;6186;35;125;GC;IN;3,329859;51,073882
367714,13602622;6599676,82189195;177;6187;34;125;GD;IN;3,303232;51,065764
364963,75699057;6598231,26540788;178;6188;25;125;GE;IN;3,278525;51,057581
346892,50012164;6594633,85546621;179;6190;5;125;GG;IN;3,116188;51,037211
349585,71109728;6592935,02984220;180;6191;14;125;GH;IN;3,140382;51,027588
356775,05452836;6589451,66333332;181;6193;19;125;GJ;IN;3,204965;51,007851
355048,59012258;6586708,99781680;182;6194;18;125;GK;IN;3,189456;50,992304
350729,36066147;6587386,34386763;183;6195;16;125;GL;IN;3,150655;50,996144
349755,02927246;6592967,79191793;184;6192;15;125;GI;IN;3,141903;51,027774
361318,46052101;6592572,12328261;185;6198;23;125;GO;IN;3,245779;51,025532
363927,07948015;6589720,65350154;186;6200;36;125;GQ;IN;3,269213;51,009375
365210,08450264;6586321,92219061;187;6199;24;125;GP;IN;3,280738;50,990110
365784,09447126;6584501,95725145;188;6201;53;125;GR;IN;3,285894;50,979790
304253,15754352;6613925,39761110;189;6204;82;127;GU;FIX;2,733153;51,146345
370216,96661520;6598772,58733118;190;6205;41;125;GV;IN;3,325716;51,060646
369651,44395175;6595077,96153534;191;6206;42;125;GW;IN;3,320635;51,039726
368523,52301508;6590545,63659245;192;6207;37;125;GX;IN;3,310503;51,014050
371021,23527048;6599834,51708431;193;6208;40;125;GY;IN;3,332940;51,066657
375631,04315266;6593817,75539780;194;6209;44;125;GZ;IN;3,374351;51,032588
305153,29310549;6612571,52540591;195;6212;67;127;G2;FIX;2,741239;51,138694
306615,30330208;6610170,83605736;196;6213;7;127;G3;FIX;2,754372;51,125125
306846,84373876;6611592,83692945;197;6214;8;127;G4;FIX;2,756452;51,133163
307080,64935513;6611812,40194084;198;6215;9;127;G5;IN;2,758552;51,134404
309764,52991112;6614780,86617768;199;6216;12;127;G6;FIX;2,782662;51,151178
307722,71390352;6616752,66097858;200;6217;81;127;G7;FIX;2,764320;51,162317
311846,09407921;6610494,62254320;201;6218;10;127;G8;FIX;2,801361;51,126955
314296,75259309;6605635,01855821;202;6219;23;127;G9;FIX;2,823376;51,099477
309889,22039843;6604249,09848022;203;6220;22;127;HA;FIX;2,783782;51,091637
305106,66455060;6604040,20487067;204;6221;21;127;HB;FIX;2,740820;51,090456
304360,87336226;6603764,09392456;205;6222;20;127;HC;FIX;2,734120;51,088894
300508,39145484;6606661,65050173;206;6153;6;127;FF;FIX;2,699513;51,105283
316754,94745490;6610768,31779332;207;6232;54;127;HM;FIX;2,845458;51,128503
317860,44678668;6611405,26467391;208;6231;21;127;HL;FIX;2,855389;51,132103
315916,29164271;6613724,17721241;209;6230;50;127;HK;FIX;2,837924;51,145208
312054,42545258;6614338,04990741;210;6223;11;127;HD;FIX;2,803233;51,148676
311864,56094573;6615508,26102698;211;6224;13;127;HE;FIX;2,801527;51,155288
319748,05969885;6618364,66727251;212;6229;19;127;HJ;FIX;2,872346;51,171421
313602,63815243;6621492,43988098;213;6226;80;127;HG;FIX;2,817140;51,189081
293140,61861003;6590704,31593817;214;6243;25;127;HW;FIX;2,633327;51,014949
289936,22733593;6590100,06227151;215;6244;24;127;HX;FIX;2,604541;51,011525
294348,69453491;6589342,01026550;216;6242;26;127;HV;FIX;2,644179;51,007229
295703,22081900;6590891,85178829;217;6241;27;127;HU;FIX;2,656347;51,016012
299600,10087197;6593044,49052321;218;6240;28;127;HT;FIX;2,691353;51,028208
301164,93378111;6593916,89796006;219;6239;29;127;HS;FIX;2,705411;51,033150
298424,72634419;6597386,64630261;220;6238;14;127;HR;FIX;2,680795;51,052799
295329,44917614;6595037,47706685;221;6237;13;127;HQ;FIX;2,652990;51,039497
294988,36382955;6595357,06413446;222;6236;12;127;HP;FIX;2,649926;51,041307
294176,79226773;6596371,68610295;223;6234;10;127;HO;FIX;2,642635;51,047052
303054,73274704;6596612,26504376;224;6245;15;127;HY;FIX;2,722387;51,048415
299365,30964022;6598201,46543837;225;6246;72;127;HZ;FIX;2,689244;51,057413
302382,55978748;6599934,14219258;226;6247;73;127;H0;FIX;2,716349;51,067221
302081,69732614;6601040,75527084;227;6248;19;127;H1;FIX;2,713646;51,073484
304970,69725625;6599655,73605574;228;6249;18;127;H2;FIX;2,739598;51,065645
305153,93651180;6597385,16333017;229;6250;17;127;H3;FIX;2,741244;51,052791
306027,84488559;6596726,25813934;230;6251;33;127;H4;FIX;2,749095;51,049060
304529,49441717;6595138,95256189;231;6252;32;127;H5;FIX;2,735635;51,040071
303348,23219923;6595891,07021390;232;6257;16;127;IA;FIX;2,725024;51,044331
304532,43095603;6593499,33696180;233;6253;31;127;H6;FIX;2,735661;51,030785
302837,20339343;6591671,75969835;234;6254;30;127;H7;FIX;2,720433;51,020431
303670,03761496;6590794,52566644;235;6255;44;127;H8;FIX;2,727914;51,015460
301354,74788358;6590278,36544712;236;6256;43;127;H9;FIX;2,707116;51,012536
316413,53741325;6596287,91873675;237;6259;2;127;IB;FIX;2,842391;51,046578
316647,33548965;6593862,12490294;238;6263;48;127;IF;FIX;2,844491;51,032840
317736,04578695;6593420,21875247;239;6262;49;127;IE;FIX;2,854271;51,030336
317841,55688370;6593948,97379364;240;6261;75;127;ID;FIX;2,855219;51,033332
317738,03096252;6593969,45340200;241;6260;74;127;IC;FIX;2,854289;51,033448
310907,57523899;6593262,33203545;242;6264;47;127;IG;FIX;2,792930;51,029442
308446,40407519;6593896,84574947;243;6265;23;127;IH;FIX;2,770821;51,033036
307927,90910734;6593860,93922936;244;6266;46;127;II;FIX;2,766163;51,032833
307946,29401410;6595923,91950274;245;6267;34;127;IJ;FIX;2,766329;51,044517
311406,83101075;6601523,76541419;246;6268;35;127;IK;FIX;2,797415;51,076217
312604,36504379;6599557,88589739;247;6269;38;127;IL;FIX;2,808173;51,065091
314553,97650870;6596566,44646681;248;6271;4;127;IN;FIX;2,825686;51,048155
314443,12403035;6596550,86672130;249;6270;3;127;IM;FIX;2,824691;51,048067
322774,11494055;6602761,08377421;250;6287;9;127;I3;FIX;2,899529;51,083219
322433,56645568;6605323,85724757;251;6288;25;127;I4;FIX;2,896470;51,097717
325144,20301205;6606818,29467695;252;6289;53;127;I5;FIX;2,920820;51,106169
324308,88348189;6608463,74952411;253;6290;52;127;I6;FIX;2,913316;51,115474
325828,32464856;6601120,23449315;254;6292;12;127;I8;FIX;2,926966;51,073934
319744,21211741;6612045,33521348;255;6291;22;127;I7;FIX;2,872311;51,135720
291620,45684608;6585237,41237372;256;6293;40;127;I9;FIX;2,619671;50,983960
295848,93475085;6587479,23163663;257;6294;41;127;JA;FIX;2,657656;50,996671
297142,68843633;6587122,52288579;258;6295;42;127;JB;FIX;2,669278;50,994648
298795,15182642;6584728,52796276;259;6296;53;127;JC;FIX;2,684123;50,981075
298353,64867656;6582096,65968817;260;6297;75;127;JD;FIX;2,680156;50,966148
303865,67749036;6582890,77390530;261;6298;76;127;JE;FIX;2,729672;50,970652
304720,49905649;6583112,23587791;262;6299;55;127;JF;FIX;2,737351;50,971908
304507,48211721;6580529,80090623;263;6300;59;127;JG;FIX;2,735437;50,957259
302990,29555662;6579195,62675021;264;6301;60;127;JH;FIX;2,721808;50,949689
302038,68407028;6578756,65949223;265;6302;61;127;JI;FIX;2,713260;50,947198
297562,62097743;6577444,17932680;266;6303;62;127;JJ;FIX;2,673051;50,939749
296324,30453873;6579247,93276807;267;6304;77;127;JK;FIX;2,661927;50,949986
293165,29273670;6578477,41578054;268;6305;54;127;JL;FIX;2,633549;50,945613
314402,28457968;6580996,86023224;269;6306;5;127;JM;FIX;2,824324;50,959909
312391,66726798;6584783,48273255;270;6307;22;127;JN;IN;2,806262;50,981386
312355,61759666;6584849,90747624;271;6308;58;127;JO;FIX;2,805938;50,981763
305185,62112961;6584579,33636864;272;6309;56;127;JP;FIX;2,741529;50,980229
308902,69548261;6588122,70403710;273;6310;24;127;JQ;FIX;2,774920;51,000318
312822,70211963;6586610,69610027;274;6311;57;127;JR;FIX;2,810134;50,991747
313119,36965682;6589666,23367868;275;6312;51;127;JS;FIX;2,812799;51,009067
317710,11435653;6593164,11981251;276;6313;50;127;JT;FIX;2,854039;51,028886
315864,65788025;6586366,00138590;277;6314;21;127;JU;FIX;2,837460;50,990360
316976,19807444;6582577,57977790;278;6315;56;127;JV;FIX;2,847446;50,968876
315897,72896142;6581670,03533577;279;6316;63;127;JW;FIX;2,837758;50,963728
328962,06945175;6583325,47518213;280;6317;1;127;JX;IN;2,955117;50,973118
323779,38793124;6580043,30696831;281;6318;53;127;JY;FIX;2,908560;50,954499
323615,08479764;6579942,37898174;282;6319;54;127;JZ;FIX;2,907084;50,953926
323051,95150535;6583498,53231368;283;6320;55;127;J0;FIX;2,902025;50,974099
321533,13314377;6587770,21923713;284;6321;19;127;J1;FIX;2,888381;50,998320
317995,65522710;6587771,14605015;285;6322;20;127;J2;FIX;2,856604;50,998325
321268,74473045;6590173,37438554;286;6323;60;127;J3;FIX;2,886006;51,011941
322575,52235873;6588537,85416214;287;6331;61;127;KB;FIX;2,897745;51,002671
325715,25769747;6590258,69806999;288;6324;17;127;J4;FIX;2,925950;51,012424
327713,14384965;6588475,26976154;289;6325;15;127;J5;FIX;2,943897;51,002317
329497,03427006;6589578,91109183;290;6326;16;127;J6;FIX;2,959922;51,008572
331026,00451358;6587373,14393601;291;6327;47;127;J7;FIX;2,973657;50,996069
328525,39850992;6586182,04903483;292;6328;49;127;J8;IN;2,951194;50,989317
326632,63608081;6586789,39747636;293;6329;10;127;J9;FIX;2,934191;50,992760
322137,10417188;6588210,48705153;294;6330;62;127;KA;IN;2,893807;51,000816
370155,70222992;6588035,97261741;295;6332;46;125;KC;IN;3,325165;50,999827
370368,22164531;6588115,17135081;296;6333;47;125;KD;IN;3,327074;51,000275
373706,39286128;6591321,99993903;297;6334;45;125;KE;IN;3,357062;51,018449
375155,67383349;6593134,99523534;298;6335;38;125;KF;IN;3,370081;51,028721
371367,46200374;6581306,14873492;299;6341;11;126;KL;IN;3,336051;50,961664
368398,06917446;6582429,52562342;300;6342;12;126;KM;IN;3,309376;50,968036
348101,90667389;6578292,26695171;301;6351;1;126;KT;EXT;3,127053;50,944562
349472,90871051;6574751,62420618;302;6352;76;126;KU;IN;3,139369;50,924464
351363,16293872;6576094,57732631;303;6353;40;126;KV;IN;3,156349;50,932088
351795,44809475;6577667,30603829;304;6354;66;126;KW;IN;3,160232;50,941015
348753,57067351;6578202,10265513;305;6355;78;126;KX;IN;3,132907;50,944051
348738,80022374;6574128,95954429;306;6356;39;126;KY;IN;3,132774;50,920929
345663,83434652;6572947,51184652;307;6357;38;126;KZ;IN;3,105151;50,914220
350529,65973872;6579154,03583604;308;6358;26;126;K0;IN;3,148862;50,949453
352263,22655040;6578539,71899259;309;6359;25;126;K1;IN;3,164434;50,945967
358357,64093576;6580800,30401610;310;6360;24;126;K2;IN;3,219181;50,958794
370198,73021979;6577534,52846705;311;6361;13;126;K3;IN;3,325552;50,940262
365667,44264368;6573649,39930206;312;6362;18;126;K4;IN;3,284847;50,918206
365234,62055677;6574122,92873820;313;6363;19;126;K5;IN;3,280958;50,920895
378377,85830014;6580967,75341136;314;6370;4;126;LB;IN;3,399026;50,959744
374562,12789072;6578768,44924111;315;6371;10;126;LC;IN;3,364749;50,947265
344647,40978147;6571525,60048845;316;6373;45;126;LE;IN;3,096020;50,906144
345945,69824265;6569048,14541483;317;6374;46;126;LF;IN;3,107683;50,892071
342810,36512866;6566533,95781790;318;6375;47;126;LG;IN;3,079518;50,877784
357858,00397600;6574193,50383819;319;6379;12;126;LJ;IN;3,214693;50,921295
356694,47928087;6571879,58613195;320;6380;15;126;LK;IN;3,204241;50,908155
353247,97934479;6570850,40426168;321;6381;41;126;LL;IN;3,173281;50,902309
348222,13539309;6568605,90566573;322;6382;43;126;LM;IN;3,128133;50,889558
347983,67753973;6568632,62222719;323;6383;44;126;LN;IN;3,125991;50,889710
358019,03837730;6574125,60949101;324;6384;13;126;LO;IN;3,216140;50,920910
362665,09871073;6569317,15737164;325;6386;26;126;LQ;IN;3,257876;50,893599
362226,31522441;6573377,89006263;326;6387;25;126;LR;IN;3,253934;50,916664
362166,18061574;6573633,50724570;327;6388;20;126;LS;IN;3,253394;50,918116
358885,63745215;6565450,82629226;328;6390;14;126;LU;IN;3,223925;50,871627
365899,39966898;6572575,99886717;329;6391;17;126;LV;IN;3,286930;50,912110
366037,16499139;6572538,47750122;330;6392;32;126;LW;IN;3,288168;50,911897
369724,62335155;6571718,58772956;331;6393;15;126;LX;IN;3,321293;50,907241
368588,63253200;6566156,93171414;332;6396;40;126;L0;IN;3,311088;50,875641
368045,37480205;6566615,21814629;333;6397;39;126;L1;IN;3,306208;50,878246
369482,24620963;6565352,07299320;334;6398;41;126;L2;IN;3,319115;50,871066
372080,29268367;6568650,06455176;335;6395;53;126;LZ;IN;3,342454;50,889809
366394,20428604;6561257,31342457;336;6399;35;126;L3;IN;3,291375;50,847785
367494,83613841;6561959,16625245;337;6400;43;126;L4;IN;3,301262;50,851776
366119,68329162;6563433,25837523;338;6401;34;126;L5;IN;3,288909;50,860158
366644,52094930;6569274,92275039;339;6402;33;126;L6;IN;3,293624;50,893359
372479,58307942;6576309,05904422;340;6403;14;126;L7;IN;3,346041;50,933306
375473,52389111;6577883,80686492;341;6404;9;126;L8;IN;3,372936;50,942244
378022,67279796;6571531,49365631;342;6405;7;126;L9;IN;3,395835;50,906178
378805,16106943;6572136,79248664;343;6406;79;126;MA;IN;3,402865;50,909616
372236,01559733;6569829,01460394;344;6407;51;126;MB;IN;3,343853;50,896507
382221,62259563;6576430,38671366;345;6410;6;126;ME;IN;3,433555;50,933995
376550,14225440;6576564,29890787;346;6408;8;126;MC;IN;3,382607;50,934755
372354,92814990;6568613,79885404;347;6413;54;126;MG;IN;3,344921;50,889603
370192,40285633;6566291,62195039;348;6414;55;126;MH;IN;3,325495;50,876406
378937,07363062;6571863,51483399;349;6415;80;126;MI;FIX;3,404050;50,908064
381889,09156921;6571240,67749082;350;6417;89;126;MK;EXT;3,430568;50,904526
380293,08482458;6567183,85068474;351;6420;92;126;MN;IN;3,416231;50,881477
380423,04336829;6567238,84304627;352;6419;91;126;MM;IN;3,417398;50,881790
378169,80169178;6565310,21749237;353;6422;81;126;MP;IN;3,397157;50,870828
377971,65819751;6565241,64569792;354;6423;82;126;MQ;IN;3,395377;50,870438
375064,40468349;6564189,44035202;355;6424;63;126;MR;IN;3,369261;50,864457
375912,01336958;6567465,25726201;356;6426;62;126;MT;IN;3,376875;50,883076
372724,48090771;6569466,15484854;357;6425;52;126;MS;IN;3,348241;50,894445
380732,05272538;6568629,22285978;358;6421;90;126;MO;IN;3,420174;50,889690
343843,33364266;6564643,19973186;359;6427;48;126;MU;IN;3,088797;50,867037
344669,97207004;6561947,41671275;360;6428;66;126;MV;IN;3,096223;50,851709
356310,64800720;6563699,50294637;361;6431;42;126;MY;IN;3,200793;50,861672
355235,73485229;6559347,80987911;362;6432;11;126;MZ;IN;3,191137;50,836924
352976,08664896;6559581,17700920;363;6433;5;126;M0;IN;3,170838;50,838252
347670,25877839;6559292,33099946;364;6434;4;126;M1;IN;3,123175;50,836609
359703,36180232;6558514,04698968;365;6435;16;126;M2;IN;3,231270;50,832181
363502,76917534;6558675,85715915;366;6436;28;126;M3;IN;3,265401;50,833102
360095,15474763;6556528,23007724;367;6437;18;126;M4;IN;3,234790;50,820883
358813,27649454;6557568,54605637;368;6438;17;126;M5;IN;3,223275;50,826802
341607,76262658;6555190,56981650;369;6439;74;126;M6;IN;3,068715;50,813270
347083,05017036;6553785,41656053;370;6440;73;126;M7;IN;3,117900;50,805272
347206,02657996;6556285,53640311;371;6441;71;126;M8;IN;3,119005;50,819502
345531,07120481;6559479,27804375;372;6442;70;126;M9;IN;3,103958;50,837672
347881,76194703;6556779,64272567;373;6443;72;126;NA;IN;3,125075;50,822313
351934,74009881;6557156,25737603;374;6444;6;126;NB;IN;3,161484;50,824456
352043,50941711;6556864,14310890;375;6445;7;126;NC;IN;3,162461;50,822794
346969,63471455;6552327,45202980;376;6446;75;126;ND;IN;3,116881;50,796973
346935,27025576;6551772,61925509;377;6447;3;126;NE;IN;3,116573;50,793814
354914,06689175;6553403,95665698;378;6450;10;126;NH;IN;3,188247;50,803101
359793,87272394;6555965,07205549;379;6451;19;126;NI;IN;3,232083;50,817678
368718,45914852;6557094,09322927;380;6455;49;126;NM;IN;3,312254;50,824102
334767,15233759;6593626,46148223;381;6458;37;127;NP;FIX;3,007264;51,031505
329957,12588774;6593258,91703066;382;6459;39;127;NQ;FIX;2,964055;51,029423
329505,76563372;6593764,36935869;383;6460;40;127;NR;FIX;2,960001;51,032286
328949,84573079;6593145,16017982;384;6461;41;127;NS;FIX;2,955007;51,028778
326502,33499421;6595188,43667455;385;6462;38;127;NT;FIX;2,933020;51,040352
369467,33187656;6561024,83123392;386;6463;44;126;NU;IN;3,318982;50,846463
369326,41107417;6559514,65943081;387;6465;45;126;NW;IN;3,317716;50,837873
369700,21009370;6559202,09823009;388;6466;46;126;NX;IN;3,321073;50,836095
360391,29332433;6555002,18218049;389;6468;20;126;NZ;IN;3,237450;50,812198
332531,54198222;6584711,29148423;390;6470;48;127;N1;FIX;2,987182;50,980977
368562,03391493;6563136,53467993;391;6464;42;126;NV;IN;3,310849;50,858471
371139,60410115;6560475,89282662;392;6471;56;126;N2;IN;3,334004;50,843341
373510,67143183;6562033,04649130;393;6472;64;126;N3;IN;3,355303;50,852196
380284,16525413;6562035,26552136;394;6473;94;126;N4;IN;3,416151;50,852209
375603,82086514;6559652,81626057;395;6475;65;126;N6;IN;3,374107;50,838659
372340,83771863;6556871,68390280;396;6477;58;126;N8;IN;3,344795;50,822837
372692,39615330;6557591,32562926;397;6476;57;126;N7;IN;3,347953;50,826932
382079,83212744;6563266,43337517;398;6479;93;126;OA;IN;3,432282;50,859209
386700,57679108;6556339,90522506;399;6482;14;126;OD;IN;3,473790;50,819811
385943,71698239;6555825,25336366;400;6483;8;126;OE;IN;3,466991;50,816882
326860,44091991;6575291,08294657;401;6490;21;127;OL;IN;2,936237;50,927527
329903,70045276;6578299,50960294;402;6491;51;127;OM;FIX;2,963575;50,944603
332378,11698835;6580542,02106994;403;6492;50;127;ON;FIX;2,985803;50,957328
325117,88305165;6572822,11385779;404;6494;27;127;OP;FIX;2,920584;50,913508
324725,01960059;6573324,21281742;405;6495;22;127;OQ;FIX;2,917054;50,916359
329118,88717407;6573550,18775270;406;6496;28;127;OR;FIX;2,956525;50,917642
385407,42856436;6556011,32363279;407;6497;7;126;OS;IN;3,462174;50,817941
381525,52414617;6561699,08276692;408;6498;95;126;OT;IN;3,427302;50,850297
352685,90471705;6552178,90270563;409;6500;8;126;OV;IN;3,168231;50,796127
358137,35757301;6551312,30004127;410;6499;22;126;OU;IN;3,217203;50,791193
360409,43501742;6553801,26059203;411;6501;21;126;OW;IN;3,237613;50,805363
363122,24342323;6551729,83146546;412;6503;31;126;OY;IN;3,261983;50,793570
364063,74597754;6551245,48323641;413;6504;30;126;OZ;IN;3,270440;50,790812
364965,14769986;6549401,54170371;414;6505;38;126;O0;IN;3,278538;50,780312
357026,04885575;6549485,00754452;415;6507;23;126;O2;IN;3,207220;50,780787
360391,01230824;6548453,10934066;416;6506;24;126;O1;IN;3,237448;50,774910
354989,58719886;6552982,24317362;417;6502;9;126;OX;IN;3,188926;50,800700
366546,24304625;6553190,11827324;418;6508;37;126;O3;IN;3,292741;50,801884
370485,01087716;6554442,01465212;419;6509;50;126;O4;IN;3,328123;50,809010
371805,30897953;6555254,50595060;420;6510;59;126;O5;IN;3,339984;50,813634
374460,73484752;6552588,43204672;421;6514;67;126;O7;IN;3,363838;50,798458
375120,05327168;6551589,97624405;422;6513;68;126;O6;IN;3,369761;50,792774
375373,25913086;6551054,26345399;423;6515;69;126;O8;IN;3,372035;50,789723
376257,67810704;6549069,52141565;424;6516;73;126;O9;IN;3,379980;50,778421
375648,43244677;6548676,83488812;425;6517;74;126;PA;IN;3,374507;50,776184
371011,71487294;6548561,12754897;426;6520;61;126;PD;IN;3,332855;50,775525
374932,08868843;6549992,01395871;427;6518;71;126;PB;IN;3,368072;50,783674
381434,56309769;6555785,06767248;428;6521;96;126;PE;IN;3,426485;50,816654
381478,63775125;6555745,62032705;429;6522;97;126;PF;IN;3,426881;50,816429
382051,89332639;6554504,27829129;430;6523;98;126;PG;IN;3,432031;50,809364
384616,57743427;6546128,07607780;431;6524;12;126;PH;IN;3,455070;50,761664
383456,47694638;6547544,36003195;432;6525;9;126;PI;IN;3,444648;50,769733
382316,99492198;6548107,93475436;433;6529;99;126;PM;IN;3,434412;50,772944
329226,16180774;6557785,11421166;434;6531;42;127;PO;FIX;2,957489;50,828034
327094,32903919;6559869,11819954;435;6532;55;127;PP;FIX;2,938338;50,839890
326398,56904010;6562157,26070416;436;6533;56;127;PQ;FIX;2,932088;50,852903
376645,20483666;6549600,42191252;437;6534;72;126;PR;IN;3,383461;50,781444
375890,17382328;6550487,95417272;438;6535;70;126;PS;IN;3,376679;50,786499
373256,30913299;6541823,66920570;439;6536;76;126;PT;FIX;3,353018;50,737133
375585,42953545;6543540,84545788;440;6537;75;126;PU;IN;3,373941;50,746921
377938,56299356;6546935,26716006;441;6538;84;126;PV;IN;3,395080;50,766263
380671,05849519;6547285,48037644;442;6539;1;126;PW;IN;3,419626;50,768258
382022,50069534;6544153,75537666;443;6540;2;126;PX;IN;3,431767;50,750414
379756,57093268;6543849,01783427;444;6541;86;126;PY;IN;3,411411;50,748677
373674,28519633;6538387,88796719;445;6542;77;126;PZ;IN;3,356773;50,717543
378612,79678002;6545935,37345608;446;6543;85;126;P0;IN;3,401137;50,760566
327256,85235486;6555295,16449670;447;6545;44;127;P2;FIX;2,939798;50,813866
298611,83314890;6570404,81896865;448;6552;2;127;P7;FIX;2,682476;50,899778
297973,82377922;6571536,62193862;449;6551;70;127;P6;FIX;2,676744;50,906207
297992,75472823;6566152,07896830;450;6555;79;127;QA;FIX;2,676914;50,875613
295252,98359492;6564926,01574196;451;6554;78;127;P9;FIX;2,652303;50,868644
294254,55198883;6568143,48778752;452;6553;65;127;P8;FIX;2,643334;50,886930
292268,53267771;6573677,94245315;453;6549;69;127;P4;FIX;2,625493;50,918368
295621,48077452;6576890,56744113;454;6550;71;127;P5;FIX;2,655613;50,936607
291881,93413349;6567136,14241800;455;6548;1;127;P3;FIX;2,622020;50,881206
291742,12161927;6563701,08910093;456;6560;76;127;QF;FIX;2,620764;50,861681
291724,97180260;6563188,10369115;457;6561;77;127;QG;FIX;2,620610;50,858764
296159,63324655;6559162,12903165;458;6556;83;127;QB;FIX;2,660447;50,835868
296736,53766943;6559381,88280072;459;6557;84;127;QC;FIX;2,665630;50,837118
296866,24691232;6559441,34024752;460;6558;85;127;QD;FIX;2,666795;50,837456
297362,43759457;6559979,51125209;461;6559;86;127;QE;FIX;2,671252;50,840517
303981,29892918;6575126,71464135;462;6564;69;127;QJ;FIX;2,730710;50,926594
305848,71601685;6577037,25140664;463;6565;4;127;QK;FIX;2,747486;50,937439
309864,22691478;6576280,67266042;464;6566;91;127;QL;FIX;2,783558;50,933145
310358,22134069;6575003,70821158;465;6567;73;127;QM;FIX;2,787995;50,925895
313925,33182031;6573625,93149736;466;6568;74;127;QN;FIX;2,820039;50,918073
309676,69060643;6568315,20992482;467;6569;80;127;QO;FIX;2,781873;50,887906
306410,85600010;6573706,66582706;468;6570;71;127;QP;FIX;2,752536;50,918531
305514,63002099;6573104,38795394;469;6571;70;127;QQ;FIX;2,744485;50,915111
301846,14020764;6569243,09544365;470;6572;68;127;QR;FIX;2,711530;50,893178
301593,93683241;6568966,94601322;471;6573;67;127;QS;FIX;2,709264;50,891609
300606,60126626;6568194,89154662;472;6574;66;127;QT;FIX;2,700395;50,887222
302433,37760002;6575305,29760119;473;6562;72;127;QH;FIX;2,716805;50,927608
316590,98296535;6573953,64589321;474;6575;8;127;QU;FIX;2,843985;50,919933
317220,11409173;6572243,56246510;475;6576;75;127;QV;FIX;2,849637;50,910222
323700,65240621;6577347,27360632;476;6577;20;127;QW;FIX;2,907852;50,939199
322552,99509792;6571580,44555304;477;6578;23;127;QX;FIX;2,897543;50,906456
319921,67331960;6570070,98446047;478;6579;64;127;QY;FIX;2,873905;50,897882
318971,50762373;6569417,30741663;479;6580;24;127;QZ;FIX;2,865370;50,894168
318659,47937823;6569736,71016927;480;6581;25;127;Q0;FIX;2,862567;50,895983
313210,54863593;6566597,76985548;481;6582;81;127;Q1;FIX;2,813618;50,878146
314977,36450839;6572735,22476809;482;6583;52;127;Q2;FIX;2,829490;50,913014
303914,48842816;6555261,83132822;483;6584;11;127;Q3;FIX;2,730110;50,813676
310209,68710607;6567298,11832899;484;6590;90;127;Q8;FIX;2,786661;50,882127
311655,38283996;6565442,90130360;485;6591;82;127;Q9;FIX;2,799648;50,871582
300238,22707895;6555286,65394084;486;6586;87;127;Q4;FIX;2,697086;50,813817
302059,39365275;6559594,50090638;487;6587;88;127;Q5;FIX;2,713446;50,838327
313576,33356598;6561277,38512588;488;6592;94;127;RA;FIX;2,816904;50,847899
308792,66040702;6559824,15006591;489;6594;95;127;RC;FIX;2,773932;50,839634
307664,35742211;6555804,61270656;490;6595;96;127;RD;FIX;2,763796;50,816765
314680,58752928;6550060,56269566;491;6597;1;127;RE;IN;2,826824;50,784065
314565,87001565;6549913,11598226;492;6598;2;127;RF;FIX;2,825793;50,783225
313714,64052962;6548788,74845749;493;6599;7;127;RG;FIX;2,818147;50,776821
319295,91414987;6548034,53903258;494;6601;9;127;RI;FIX;2,868284;50,772525
314505,60055700;6543385,14518065;495;6602;10;127;RJ;FIX;2,825252;50,746034
310786,57367485;6547653,53304727;496;6603;6;127;RK;FIX;2,791843;50,770355
308678,60499651;6549692,83025979;497;6605;99;127;RL;FIX;2,772907;50,781971
305738,71516656;6552357,36067372;498;6606;98;127;RM;FIX;2,746498;50,797143
308306,43067110;6554676,25421581;499;6607;97;127;RN;FIX;2,769564;50,810343
313726,19242752;6552218,24480515;500;6609;3;127;RP;FIX;2,818250;50,796351
311346,31473278;6551405,50563097;501;6608;4;127;RO;FIX;2,796872;50,791723
317260,32212850;6559838,75024599;502;6610;12;127;RQ;FIX;2,849998;50,839717
319972,85811072;6561267,28802361;503;6611;36;127;RR;FIX;2,874365;50,847842
322059,19062007;6560686,35982308;504;6612;38;127;RS;FIX;2,893107;50,844538
325290,69242358;6559218,73022592;505;6613;40;127;RT;FIX;2,922136;50,836190
322759,82679697;6556334,92655979;506;6614;47;127;RU;FIX;2,899401;50,819783
321261,54855312;6557270,97381593;507;6615;48;127;RV;FIX;2,885942;50,825109
325678,17989570;6552668,53388764;508;6618;51;127;RX;FIX;2,925617;50,798914
324742,04614264;6554823,74660336;509;6617;46;127;RW;FIX;2,917207;50,811182
323498,03684934;6547556,03089413;510;6619;52;127;RY;FIX;2,906032;50,769800
320828,23377205;6550287,51695649;511;6620;50;127;RZ;FIX;2,882049;50,785357
319822,31251857;6554979,62425087;512;6621;49;127;R0;FIX;2,873013;50,812070
316787,40953991;6553509,29646418;513;6622;13;127;R1;FIX;2,845750;50,803701
323047,70056213;6567382,66683403;514;6624;26;127;R2;FIX;2,901987;50,882607
326288,07702338;6562434,75758299;515;6625;32;127;R3;FIX;2,931096;50,854481
321784,71307411;6561992,72057290;516;6626;33;127;R4;FIX;2,890641;50,851967
321509,21411022;6561901,98552355;517;6628;30;127;R6;FIX;2,888166;50,851451
320852,88207629;6563446,95074188;518;6630;35;127;R8;FIX;2,882270;50,860236
289807,12453100;6601322,34199040;519;6119;1;127;EK;FIX;2,603382;51,075077
321862,59984630;6590546,18131442;520;6286;59;127;I2;FIX;2,891341;51,014053
322947,14160409;6591222,55837747;521;6285;18;127;I1;FIX;2,901084;51,017886
326243,47989137;6595303,35497430;522;6284;58;127;I0;FIX;2,930695;51,041003
324409,26087616;6596534,08553543;523;6283;14;127;IZ;FIX;2,914218;51,047972
322446,86917656;6597835,94751601;524;6282;57;127;IY;FIX;2,896590;51,055343
322986,59466476;6599184,51852865;525;6281;28;127;IX;FIX;2,901438;51,062978
320525,95996668;6600935,39618922;526;6280;7;127;IW;FIX;2,879334;51,072888
318811,77252664;6601506,42683024;527;6279;11;127;IV;IN;2,863935;51,076119
318037,60770976;6602661,02110438;528;6278;37;127;IU;FIX;2,856980;51,082653
314549,55588590;6601635,44639125;529;6277;36;127;IT;FIX;2,825647;51,076849
314174,68060187;6600024,70558467;530;6276;39;127;IS;FIX;2,822279;51,067733
314731,34494277;6598789,97184893;531;6275;5;127;IR;FIX;2,827280;51,060744
317888,30627271;6594438,24225327;532;6274;6;127;IQ;FIX;2,855639;51,036103
318762,47190670;6594275,67818961;533;6273;69;127;IP;FIX;2,863492;51,035182
318795,79425008;6593959,84105054;534;6272;1;127;IO;FIX;2,863791;51,033393
313934,00058939;6610778,18562796;535;6233;1;127;HN;FIX;2,820117;51,128558
310640,81746002;6549179,91936166;536;6996;5;127;SA;FIX;2,790534;50,779049
344321,16225392;6579878,97914835;537;6347;79;126;KQ;IN;3,093090;50,953566
343909,95875899;6595913,34094166;538;6999;4;125;SC;IN;3,089396;51,044457
341673,35402794;6584881,29242548;539;6343;30;127;KN;FIX;3,069304;50,981941
337956,53212496;6582500,20039418;540;6350;33;127;KS;FIX;3,035915;50,968437
325306,73910584;6629213,24635530;541;7087;4;125;SD;IN;2,922280;51,232646
326210,85512172;6629827,09589051;542;7088;8;125;SE;IN;2,930402;51,236107
370328,63652030;6650137,18153281;543;6001;45;219;BC;FIX;3,326719;51,350499
370359,23482149;6649844,97474533;544;5994;46;219;A6;IN;3,326994;51,348856
373913,88592459;6647612,54313447;545;6002;51;219;BD;IN;3,358926;51,336295
374751,70648752;6647536,57691089;546;5999;50;219;BB;FIX;3,366452;51,335868
375052,90512472;6645224,24531936;547;5998;53;219;BA;FIX;3,369158;51,322855
377135,69050318;6643361,19478613;548;7155;96;219;SI;EXT;3,387868;51,312367
377270,90916044;6648291,60717841;549;7154;31;219;SH;EXT;3,389082;51,340116
376537,48872053;6642857,38019276;550;7156;98;219;SJ;EXT;3,382494;51,309530
371758,82466256;6632380,55252426;551;6063;58;219;C1;IN;3,339566;51,250505
372248,45674902;6632122,31443914;552;6096;64;219;DY;IN;3,343965;51,249049
378275,42654669;6631003,57528407;553;6149;65;219;FB;FIX;3,398106;51,242742
381788,82622465;6636537,94880743;554;7160;70;219;SN;EXT;3,429667;51,273936
376228,85295888;6642215,03173172;555;7162;94;219;SP;EXT;3,379721;51,305914
377411,87493880;6641955,39193893;556;7161;99;219;SO;EXT;3,390349;51,304452
383709,28414243;6629892,53340030;557;7159;5;219;SM;EXT;3,446919;51,236476
383133,77668920;6629503,58972465;558;7157;3;219;SK;EXT;3,441749;51,234283
373844,47474356;6641531,09215461;559;6067;54;219;C5;FIX;3,358302;51,302063
374019,71920377;6641271,40602202;560;6066;57;219;C4;IN;3,359876;51,300600
374843,47871195;6629221,34868498;561;6150;66;219;FC;FIX;3,367276;51,232691
376112,63935900;6627844,23559534;562;6148;1;219;FA;EXT;3,378677;51,224924
376576,26186364;6625926,00530660;563;6147;2;219;E9;EXT;3,382842;51,214103
383163,00339641;6629339,14840715;564;7164;4;219;SR;EXT;3,442012;51,233356
383595,86538789;6626443,00118883;565;7163;8;219;SQ;EXT;3,445900;51,217019
374565,87009574;6624337,57101817;566;6145;78;219;E8;FIX;3,364782;51,205140
374645,97456535;6622836,81979713;567;6144;77;219;E7;FIX;3,365502;51,196670
374156,17661024;6620907,17256668;568;6143;82;219;E6;FIX;3,361102;51,185777
381560,76608446;6622952,95828060;569;7165;9;219;SS;EXT;3,427619;51,197326
383611,17257706;6625039,85789769;570;7166;10;219;ST;EXT;3,446038;51,209103
381759,59329906;6621477,81662370;571;7167;11;219;SU;EXT;3,429405;51,188999
381072,41741291;6616999,92154739;572;7168;79;219;SV;EXT;3,423232;51,163714
378556,63804292;6617522,34977864;573;6159;86;219;FL;EXT;3,400632;51,166664
380371,79773738;6613325,39803938;574;7169;93;219;SW;EXT;3,416938;51,142954
380473,31814476;6608608,15602204;575;7170;90;219;SX;EXT;3,417850;51,116290
377592,85691055;6608668,21028481;576;7171;98;219;SY;EXT;3,391974;51,116630
377091,95348696;6613517,29141374;577;6158;95;219;FK;IN;3,387475;51,144039
374967,05863599;6610613,34765292;578;6163;96;219;FP;IN;3,368386;51,127627
372669,78215700;6607532,28039018;579;6181;97;219;F7;IN;3,347750;51,110207
372589,04983257;6606676,40844334;580;6182;92;219;F8;FIX;3,347024;51,105367
375342,48531441;6605614,05703650;581;7172;99;219;SZ;EXT;3,371759;51,099359
377106,31083909;6600339,90285046;582;6211;39;219;G1;FIX;3,387604;51,069517
370841,23185305;6605530,16289273;583;6183;98;219;F9;IN;3,331323;51,098884
380553,51146025;6603212,80016774;584;7173;1;219;S0;EXT;3,418570;51,085775
380632,09198433;6602616,72496222;585;7174;2;219;S1;EXT;3,419276;51,082402
378436,61478939;6595471,85094654;586;6210;43;219;G0;IN;3,399554;51,041957
380456,60832017;6591446,42124839;587;6337;49;219;KH;FIX;3,417700;51,019154
384012,92604749;6595087,23005248;588;7176;8;219;S3;EXT;3,449647;51,039779
382882,44806942;6591730,27901988;589;7175;10;219;S2;EXT;3,439492;51,020763
382507,31313396;6598840,08979261;590;7177;4;219;S4;EXT;3,436122;51,061028
379131,54022882;6584803,41238629;591;6366;1;219;K8;IN;3,405797;50,981500
379910,13693828;6591125,75636073;592;6336;48;219;KG;IN;3,412791;51,017337
385057,26156067;6584917,50648937;593;7178;81;219;S5;EXT;3,459028;50,982146
386834,79255570;6589534,11579911;594;7179;16;219;S6;EXT;3,474996;51,008318
385321,55949266;6581880,14037748;595;7180;88;219;S7;EXT;3,461402;50,964920
385145,39246341;6583378,91922551;596;7181;83;219;S8;EXT;3,459820;50,973421
383052,05881982;6576335,76382275;597;6411;5;219;MF;IN;3,441015;50,933458
382267,48567658;6574775,74268701;598;7185;98;219;TC;EXT;3,433967;50,924601
382749,44076149;6575546,20487820;599;7184;97;219;TB;EXT;3,438297;50,928975
384399,46996479;6573421,39245525;600;7186;99;219;TD;EXT;3,453119;50,916911
385613,90276110;6575147,62439643;601;7182;96;219;S9;EXT;3,464029;50,926713
386646,34674936;6576909,38532626;602;7183;93;219;TA;EXT;3,473303;50,936714
385449,66180771;6579967,07733447;603;7187;90;219;TE;EXT;3,462553;50,954066
387438,30587282;6582115,39082819;604;7188;82;219;TF;EXT;3,480418;50,966254
386381,19896852;6581162,83525599;605;7189;86;219;TG;EXT;3,470921;50,960850
382560,58033002;6575803,14303955;606;6409;87;219;MD;FIX;3,436600;50,930434
387381,39803654;6581617,83353396;607;7191;84;219;TI;EXT;3,479906;50,963432
388056,15178020;6581004,82344643;608;7190;85;219;TH;EXT;3,485968;50,959954
381729,19531337;6572209,96888262;609;6416;88;219;MJ;EXT;3,429132;50,910031
384778,12901007;6568023,19154063;610;6418;4;219;ML;IN;3,456521;50,886247
388514,28057519;6567898,70203141;611;7193;32;219;TK;EXT;3,490083;50,885539
390080,62367257;6568907,50600747;612;7194;33;219;TL;EXT;3,504154;50,891272
387872,93163921;6570477,04722707;613;7195;31;219;TM;EXT;3,484322;50,900188
386239,46025556;6562179,89256226;614;6478;6;219;N9;FIX;3,469648;50,853031
388744,67018189;6560072,83446241;615;6481;13;219;OC;IN;3,492153;50,841048
389526,23022153;6560062,40797267;616;6480;18;219;OB;FIX;3,499174;50,840989
391201,70229365;6558572,34426124;617;7197;38;219;TO;EXT;3,514225;50,832513
393764,80905548;6559223,73011616;618;7198;42;219;TP;EXT;3,537249;50,836218
390741,66721202;6562559,42004360;619;7199;37;219;TQ;EXT;3,510092;50,855189
389168,40595557;6555333,73117133;620;6484;15;219;OF;IN;3,495959;50,814085
391614,68870583;6552481,21362026;621;6485;16;219;OG;FIX;3,517935;50,797848
389949,48415373;6552133,48490642;622;6486;19;219;OH;FIX;3,502976;50,795868
392523,54682886;6554229,02379882;623;7201;4;219;TS;EXT;3,526099;50,807797
392107,14271675;6551629,99093183;624;7203;5;219;TU;EXT;3,522358;50,793002
386148,04127117;6548653,41230566;625;6488;10;219;OJ;FIX;3,468827;50,776051
386697,50362702;6548185,40383354;626;7205;2;219;TW;EXT;3,473763;50,773385
385756,33610291;6548042,05079191;627;6487;11;219;OI;IN;3,465308;50,772568
388449,60380897;6550568,76428110;628;6489;17;219;OK;IN;3,489502;50,786959
390132,19517664;6551723,42777455;629;7206;1;219;TX;EXT;3,504617;50,793534
387878,40254945;6547025,60445189;630;7204;3;219;TV;EXT;3,484371;50,766778
391471,51387066;6552067,07652061;631;7202;6;219;TT;EXT;3,516648;50,795490
394186,80795610;6562477,75795329;632;7200;45;219;TR;EXT;3,541040;50,854725
384335,16613430;6578073,87562057;633;7211;95;219;TZ;FIX;3,452542;50,943323
384208,86865212;6578157,05222358;634;7210;94;219;TY;FIX;3,451407;50,943795
318322,23931522;6624763,11175673;635;7426;52;125;T0;IN;2,859537;51,207541
335576,17649626;6600422,46761214;636;6103;32;127;D4;FIX;3,014532;51,069985
334059,33219568;6602722,89268421;637;6012;31;127;BM;FIX;3,000906;51,083003
374411,89532913;6583982,56772939;638;6340;52;126;KK;IN;3,363399;50,976845
374884,27460069;6584253,64655935;639;6339;51;126;KJ;IN;3,367643;50,978382
377183,97631604;6584828,05850519;640;6338;50;126;KI;IN;3,388301;50,981639
325143,82733533;6612423,99821060;641;6008;23;127;BI;IN;2,920817;51,137860
344681,09962327;6587362,91845258;642;6197;29;127;GN;FIX;3,096323;50,996011
320502,55400262;6618451,00750778;643;6228;18;127;HI;FIX;2,879123;51,171909
335315,96631072;6576035,40788833;644;6469;65;127;N0;FIX;3,012195;50,931753
334430,73360468;6561651,65862396;645;6527;41;127;PK;FIX;3,004242;50,850028
328011,92521958;6553694,15092191;646;6544;45;127;P1;FIX;2,946581;50,804753
339295,29403395;6557550,82156251;647;6528;1;126;PL;IN;3,047941;50,826701
340539,06384546;6560324,71446060;648;6429;37;126;MW;IN;3,059114;50,842481
387093,37718381;6564487,79875347;649;7196;35;219;TN;EXT;3,477319;50,866153
386699,22007067;6565664,49588878;650;7192;34;126;TJ;EXT;3,473778;50,872842
336720,03757807;6556089,49739568;651;6530;43;126;PN;IN;3,024808;50,818386
333703,49072970;6567385,17431741;652;6493;30;127;OO;FIX;2,997709;50,882621
333534,45377583;6569129,89340492;653;6377;29;127;LI;FIX;2,996191;50,892535
344249,46510274;6594276,83072580;654;6189;3;125;GF;IN;3,092446;51,035189
338427,69854363;6548679,91802323;655;6449;54;126;NG;IN;3,040148;50,776202
340553,91389348;6577566,56127437;656;6997;34;127;SB;FIX;3,059248;50,940444
334146,10854755;6567817,82020648;657;6376;36;127;LH;FIX;3,001686;50,885080
335953,05223976;6570777,10593811;658;6372;35;127;LD;FIX;3,017918;50,901893
336777,09218481;6561948,21716898;659;6430;49;127;MX;FIX;3,025320;50,851714
376014,22655164;6652188,90943393;660;7152;29;219;SF;EXT;3,377793;51,362039
376793,30903956;6649707,35969169;661;7153;30;219;SG;EXT;3,384792;51,348081
318310,16361198;6620947,33565514;662;5966;16;127;AH;FIX;2,859429;51,186004
320305,87540670;6619371,53089219;663;5967;17;127;AI;FIX;2,877357;51,177107
359490,00696355;6579091,21191965;664;6365;23;125;K7;IN;3,229354;50,949096
347557,25595586;6587070,32773564;665;6196;28;127;GM;FIX;3,122160;50,994353
289535,68438236;6603180,90149002;666;0;0;0;T1;NEW;2,600943;51,085594
290318,81593822;6607230,05809569;667;0;0;0;T2;NEW;2,607978;51,108498
291203,00306087;6606673,22582336;668;0;0;0;T3;NEW;2,615921;51,105349
293258,73022018;6600866,04827179;669;0;0;0;T4;NEW;2,634388;51,072495
284898,30958294;6600453,00366212;670;0;0;0;T5;NEW;2,559285;51,070157
284978,52846034;6598335,74862133;671;0;0;0;T6;NEW;2,560006;51,058173
287213,14677985;6594784,61361565;672;0;0;0;T8;NEW;2,580080;51,038065
288150,15501530;6592528,87079883;673;0;0;0;T9;NEW;2,588497;51,025287
294067,94049892;6594736,24581680;674;0;0;0;UA;NEW;2,641657;51,037791
296324,55683402;6600888,60829107;675;0;0;0;UB;NEW;2,661929;51,072623
296929,37094361;6600965,76716097;676;0;0;0;UC;NEW;2,667362;51,073060
297164,90835298;6601153,31014167;677;0;0;0;UD;NEW;2,669478;51,074121
286040,30590734;6594308,13944201;678;0;0;0;T7;NEW;2,569544;51,035366
294292,98937383;6607713,38472085;679;0;0;0;UE;NEW;2,643679;51,111231
287970,07983180;6588818,75324434;680;0;0;0;UF;NEW;2,586879;51,004263
290907,28099897;6586301,20540854;681;0;0;0;UG;NEW;2,613265;50,989992
293550,93955212;6586322,46703316;682;0;0;0;UH;NEW;2,637013;50,990113
301823,23735719;6600016,57165311;683;0;0;0;UI;NEW;2,711324;51,067687
317145,04792982;6597446,21378218;684;0;0;0;UJ;NEW;2,848962;51,053137
315748,72355845;6601533,15723240;685;0;0;0;UK;NEW;2,836419;51,076270
305428,92089168;6599764,54161098;686;0;0;0;UM;NEW;2,743715;51,066261
308601,28131872;6599159,85365163;687;0;0;0;UL;NEW;2,772212;51,062838
311390,11985933;6596262,27855942;688;0;0;0;UO;NEW;2,797265;51,046433
308713,44650352;6595061,81105801;689;0;0;0;UP;NEW;2,773220;51,039635
308615,50096069;6595049,09454416;690;0;0;0;UQ;NEW;2,772340;51,039563
308764,32938335;6594711,75011946;691;0;0;0;UR;NEW;2,773677;51,037652
302339,10230595;6592387,59885132;692;0;0;0;US;NEW;2,715958;51,024487
301145,24136139;6592131,52157349;693;0;0;0;UT;NEW;2,705234;51,023036
301957,35977100;6589557,62886063;694;0;0;0;UU;NEW;2,712529;51,008451
300584,39774129;6589726,02644220;695;0;0;0;UV;NEW;2,700196;51,009405
303082,94844575;6585886,60481150;696;0;0;0;UW;NEW;2,722640;50,987641
304131,78641640;6589596,94191257;697;0;0;0;UY;NEW;2,732062;51,008674
300675,58040308;6586681,56237722;698;0;0;0;UZ;NEW;2,701015;50,992149
300387,30253638;6586115,10723533;699;0;0;0;U0;NEW;2,698425;50,988937
296243,91251565;6587617,71397249;700;0;0;0;U1;NEW;2,661204;50,997456
305998,53665706;6584650,23092785;701;0;0;0;U2;NEW;2,748832;50,980631
308544,00438782;6583371,97955108;702;0;0;0;U3;NEW;2,771698;50,973382
310448,25347114;6578831,29780198;703;0;0;0;VG;NEW;2,788804;50,947621
311906,12531488;6585200,04737637;704;0;0;0;U5;NEW;2,801900;50,983749
309456,13298926;6581004,06854732;705;0;0;0;U4;NEW;2,779892;50,959950
312584,57249474;6587360,45385997;706;0;0;0;U7;NEW;2,807995;50,995997
311813,18095160;6591570,21661282;707;0;0;0;U8;NEW;2,801065;51,019856
315961,15889840;6594587,54395968;708;0;0;0;VH;NEW;2,838327;51,036948
316954,95963816;6595589,67841015;709;0;0;0;VI;NEW;2,847255;51,042624
315299,90225771;6590736,12708467;710;0;0;0;U9;NEW;2,832387;51,015130
315972,25565075;6589643,40309186;711;0;0;0;VA;NEW;2,838427;51,008937
318525,75023684;6588377,21880968;712;0;0;0;VB;NEW;2,861365;51,001761
319872,25226752;6585576,77904300;713;0;0;0;VC;NEW;2,873461;50,985885
320835,16239261;6602448,57488539;714;0;0;0;VF;NEW;2,882111;51,081451
312383,79504037;6609675,23320561;715;0;0;0;VK;NEW;2,806191;51,122323
308065,61789229;6607656,67321432;716;0;0;0;VL;NEW;2,767401;51,110910
319224,99605210;6608023,09807041;717;0;0;0;VM;NEW;2,867647;51,112982
323196,04444099;6583605,06056654;718;0;0;0;VE;NEW;2,903319;50,974704
321552,07723850;6583410,89515280;719;0;0;0;VD;NEW;2,888551;50,973602
335291,55880006;6587218,37162690;720;0;0;0;VN;NEW;3,011975;50,995192
332518,06135108;6590734,11565196;721;0;0;0;VO;NEW;2,987061;51,015118
330359,19499444;6590459,93240212;722;0;0;0;VP;NEW;2,967667;51,013564
337104,93243335;6587893,02001239;723;0;0;0;VQ;NEW;3,028265;50,999016
336676,40004809;6586496,15830810;724;0;0;0;VR;NEW;3,024416;50,991097
340616,78675055;6592846,70150370;725;0;0;0;VT;NEW;3,059813;51,027088
331583,67493447;6594469,71389411;726;0;0;0;VX;NEW;2,978667;51,036281
340581,99785077;6585167,74757103;727;0;0;0;VW;NEW;3,059500;50,983565
335541,10724631;6584082,28633347;728;0;0;0;VY;NEW;3,014217;50,977410
341255,23588388;6589575,31394841;729;0;0;0;VU;NEW;3,065548;51,008551
341140,89689305;6589317,44586151;730;0;0;0;VV;NEW;3,064521;51,007090
335166,84065919;6601277,61564866;731;0;0;0;VZ;NEW;3,010855;51,074824
332642,63847812;6603987,97498684;732;0;0;0;V4;NEW;2,988180;51,090160
334553,99230083;6604559,47612984;733;0;0;0;V3;NEW;3,005350;51,093393
335145,00238771;6604459,32287288;734;0;0;0;V2;NEW;3,010659;51,092827
336090,69537424;6604807,12662516;735;0;0;0;V1;NEW;3,019154;51,094794
338858,86887010;6602784,39849374;736;0;0;0;V0;NEW;3,044021;51,083351
331664,42548243;6603849,06908445;737;0;0;0;V5;NEW;2,979392;51,089374
331753,42845556;6599902,24494710;738;0;0;0;V6;NEW;2,980192;51,067040
327775,44445468;6601779,80083060;739;0;0;0;V7;NEW;2,944457;51,077666
331959,12605461;6598078,14200115;740;0;0;0;V8;NEW;2,982040;51,056714
333255,41470368;6597627,37893232;741;0;0;0;V9;NEW;2,993684;51,054162
333488,24850268;6597775,54589533;742;0;0;0;WA;NEW;2,995776;51,055001
327931,37011541;6607076,74319131;743;0;0;0;WB;NEW;2,945858;51,107631
329281,32153218;6609000,81139693;744;0;0;0;WC;NEW;2,957984;51,118511
331604,78863853;6610540,72193544;745;0;0;0;WD;NEW;2,978856;51,127216
332661,17384662;6608788,29461674;746;0;0;0;WE;NEW;2,988346;51,117309
335683,07765354;6610714,88489839;747;0;0;0;WF;NEW;3,015492;51,128201
345283,33618402;6590727,06197402;748;0;0;0;WG;NEW;3,101733;51,015078
342489,04818085;6585416,70099910;749;0;0;0;WH;NEW;3,076631;50,984977
344011,47854745;6584148,64714834;750;0;0;0;WI;NEW;3,090308;50,977786
346358,87110236;6585188,39252976;751;0;0;0;WK;NEW;3,111395;50,983683
344486,50023595;6581642,10093022;752;0;0;0;WM;NEW;3,094575;50,963569
347747,93638049;6584946,81595966;753;0;0;0;WL;NEW;3,123873;50,982313
344858,07741054;6587126,80893576;754;0;0;0;WO;NEW;3,097913;50,994673
349111,04627512;6583961,80134625;755;0;0;0;WP;NEW;3,136118;50,976727
345180,69035329;6584297,80282220;756;0;0;0;WJ;NEW;3,100811;50,978632
342146,67321223;6576993,60152669;757;0;0;0;WQ;NEW;3,073556;50,937192
342207,34958134;6575016,48287282;758;0;0;0;WR;NEW;3,074101;50,925968
332329,77579364;6576920,69202729;759;0;0;0;WS;NEW;2,985369;50,936778
324523,48929953;6577071,58095154;760;0;0;0;WT;NEW;2,915244;50,937634
332268,46092588;6571234,11470070;761;0;0;0;UN;NEW;2,984818;50,904489
330230,75498205;6572071,17097676;762;0;0;0;WU;NEW;2,966513;50,909243
326123,56676768;6570042,72291987;763;0;0;0;WW;NEW;2,929618;50,897721
323357,50123554;6568081,33099707;764;0;0;0;WY;NEW;2,904770;50,886577
328164,75454309;6569986,73128096;765;0;0;0;WV;NEW;2,947954;50,897403
333180,78486238;6567879,46809644;766;0;0;0;WX;NEW;2,993014;50,885430
331555,54715244;6562327,14732985;767;0;0;0;W0;NEW;2,978414;50,853869
333365,32202952;6563040,71900260;768;0;0;0;WZ;NEW;2,994672;50,857926
328352,13943805;6558417,29553705;769;0;0;0;W1;NEW;2,949637;50,831631
331435,51990427;6560517,59551939;770;0;0;0;W2;NEW;2,977336;50,843578
341120,27216809;6562854,62377351;771;0;0;0;W3;NEW;3,064336;50,856868
341545,08633886;6562977,33609717;772;0;0;0;W4;NEW;3,068152;50,857566
338605,06538523;6565578,78392264;773;0;0;0;W5;NEW;3,041741;50,872355
339860,76858545;6571042,63169965;774;0;0;0;W6;NEW;3,053021;50,903401
340325,51234696;6570379,48855902;775;0;0;0;W7;NEW;3,057196;50,899634
341315,42754621;6572155,22111960;776;0;0;0;W8;NEW;3,066089;50,909720
334188,37674505;6555334,32765343;777;0;10;0;W9;FIXNEW;3,002065;50,814088
331867,18718594;6555124,47416823;778;0;0;0;XA;NEW;2,981214;50,812894
334932,29579698;6552563,84802797;779;0;30;0;XB;EXT;3,008748;50,798318
324397,14836408;6554301,51809961;780;0;0;0;XC;NEW;2,914109;50,808210
328197,77376056;6553671,89360972;781;0;0;0;XD;NEW;2,948251;50,804626
323993,71876488;6556557,27047584;782;0;0;0;XE;NEW;2,910485;50,821048
325252,54125377;6557350,88727242;783;0;0;0;XF;NEW;2,921793;50,825564
325541,73284083;6556822,07008190;784;0;0;0;XG;NEW;2,924391;50,822555
321335,31714222;6562566,73574890;785;0;0;0;XH;NEW;2,886604;50,855231
320088,63132759;6561803,34785879;786;0;0;0;XI;NEW;2,875405;50,850890
319941,42762917;6561736,20245656;787;0;0;0;XJ;NEW;2,874083;50,850508
320270,25696474;6560181,85552054;788;0;0;0;XK;NEW;2,877037;50,841668
320132,80835115;6555759,50200742;789;0;0;0;XL;NEW;2,875802;50,816508
330170,20173251;6550552,76084098;790;0;31;0;XM;EXT;2,965969;50,786868
322622,34726424;6546798,11864999;791;0;30;0;XN;FIXNEW;2,898166;50,765482
317798,38718836;6545733,91917764;792;0;0;0;XP;NEW;2,854831;50,759419
317858,48328157;6543963,56591843;793;0;1;0;XQ;EXT;2,855371;50,749330
325579,67225003;6543859,52942090;794;0;15;0;XO;EXT;2,924732;50,748737
315134,70775814;6546159,69785675;795;0;0;0;XR;NEW;2,830903;50,761845
313984,99373756;6541286,35584292;796;0;0;0;XS;NEW;2,820575;50,734070
314573,89207323;6543273,28057144;797;0;0;0;XT;NEW;2,825865;50,745396
308868,92271331;6538868,34612184;798;0;0;0;XU;EXT;2,774617;50,720283
310007,62386317;6543089,53156293;799;0;0;0;XW;NEW;2,784846;50,744349
309742,14835406;6546110,12833312;800;0;0;0;XX;NEW;2,782461;50,761562
308566,37610722;6545909,22783908;801;0;0;0;XY;NEW;2,771899;50,760418
306024,08755175;6544726,72313564;802;0;0;0;XZ;EXT;2,749061;50,753679
302916,47692363;6546545,58479301;803;0;0;0;X0;EXT;2,721145;50,764043
309186,46001529;6541966,34546416;804;0;0;0;XV;EXT;2,777469;50,737947
311807,55712606;6549450,44376910;805;0;0;0;X2;NEW;2,801015;50,780590
313120,86550862;6548403,73092408;806;0;0;0;X1;NEW;2,812813;50,774628
312558,58070299;6549744,69367085;807;0;0;0;X3;NEW;2,807762;50,782266
312352,59579587;6551117,59393703;808;0;0;0;X4;NEW;2,805911;50,790084
309755,44060156;6551225,54415293;809;0;0;0;X5;NEW;2,782580;50,790699
314773,15062171;6548613,14304581;810;0;0;0;YF;NEW;2,827655;50,775821
309672,62126213;6554258,03521886;811;0;0;0;X6;NEW;2,781836;50,807963
310979,71403660;6555673,70645137;812;0;0;0;X7;NEW;2,793578;50,816020
315473,22555341;6554242,10355844;813;0;0;0;X8;NEW;2,833944;50,807872
315555,20689138;6559553,80990542;814;0;0;0;YA;NEW;2,834681;50,838096
317686,79184563;6554824,82200509;815;0;0;0;X9;NEW;2,853829;50,811189
305964,11410092;6552402,91592421;816;0;0;0;YG;NEW;2,748522;50,797402
301948,26136503;6550588,36669468;817;0;0;0;YJ;EXT;2,712447;50,787070
301506,29942109;6551256,02121003;818;0;0;0;YK;EXT;2,708477;50,790872
311180,87715341;6561370,68085976;819;0;0;0;YB;NEW;2,795385;50,848430
311047,28788476;6565861,51163287;820;0;0;0;YD;NEW;2,794185;50,873962
308448,12681211;6560170,53372401;821;0;0;0;YC;NEW;2,770837;50,841604
304201,89445350;6552612,45774219;822;0;0;0;YN;NEW;2,732692;50,798595
301760,32040044;6555240,35857819;823;0;0;0;YO;NEW;2,710759;50,813554
300172,79675408;6552764,14922629;824;0;0;0;YL;EXT;2,696498;50,799459
298678,33961992;6555242,57020219;825;0;0;0;YP;NEW;2,683073;50,813566
299472,02840880;6552907,62979217;826;0;0;0;YM;EXT;2,690203;50,800276
308778,66244321;6569039,37671193;827;0;0;0;YE;NEW;2,773806;50,892021
305065,27184354;6560120,22464525;828;0;0;0;YQ;NEW;2,740448;50,841318
303534,17580618;6562019,42779353;829;0;0;0;YR;NEW;2,726694;50,852119
301846,79118621;6559938,13423666;830;0;0;0;YS;NEW;2,711536;50,840282
303347,86613335;6562548,93351874;831;0;0;0;YU;NEW;2,725020;50,855130
303416,38409514;6562493,79229593;832;0;0;0;YT;NEW;2,725636;50,854816
301054,12738992;6561839,59452516;833;0;0;0;YV;NEW;2,704415;50,851096
297844,32266471;6563058,58688202;834;0;0;0;YW;NEW;2,675581;50,858028
297497,80491108;6563185,03958841;835;0;0;0;YX;NEW;2,672468;50,858747
297131,16005845;6556848,35033169;836;0;0;0;Y0;NEW;2,669175;50,822704
293926,00339780;6557663,95246293;837;0;0;0;Y1;NEW;2,640382;50,827345
292719,50098480;6556774,95068493;838;0;0;0;Y2;NEW;2,629544;50,822287
295505,56905693;6553742,81962066;839;0;0;0;Y3;EXT;2,654572;50,805030
293989,50352480;6553861,88235880;840;0;0;0;Y4;EXT;2,640953;50,805708
292457,56296092;6556552,70024043;841;0;0;0;Y5;EXT;2,627191;50,821022
291679,13151105;6562461,97276936;842;0;0;0;Y6;NEW;2,620198;50,854635
288742,80553140;6561997,83613069;843;0;0;0;Y7;EXT;2,593821;50,851996
288861,86826953;6566434,90750484;844;0;0;0;Y8;EXT;2,594890;50,877221
291814,62417504;6565291,90521884;845;0;0;0;Y9;NEW;2,621415;50,870724
298783,57080485;6566633,45082575;846;0;0;0;ZA;NEW;2,684018;50,878349
302768,39608259;6565736,40610784;847;0;0;0;ZB;NEW;2,719815;50,873251
302892,71078862;6569625,60857934;848;0;0;0;ZC;NEW;2,720932;50,895351
303578,02270184;6571245,04212512;849;0;0;0;ZD;NEW;2,727088;50,904551
301998,45704271;6571284,72970448;850;0;0;0;ZE;NEW;2,712898;50,904776
300680,82940745;6570895,79142661;851;0;0;0;ZF;NEW;2,701062;50,902567
300428,01549368;6574335,74879660;852;0;0;0;ZG;NEW;2,698791;50,922103
295705,90118057;6562124,44497022;853;0;0;0;YZ;NEW;2,656371;50,852716
291223,09949052;6576201,88847736;854;0;0;0;ZH;NEW;2,616102;50,932698
288204,61662927;6573625,78989965;855;0;0;0;ZI;EXT;2,588986;50,918072
290770,02176009;6578032,69871348;856;0;0;0;ZJ;EXT;2,612032;50,943089
295699,97316319;6580561,70647863;857;0;0;0;ZK;NEW;2,656318;50,957440
291400,39194642;6582543,66742459;858;0;0;0;ZL;NEW;2,617694;50,968684
289194,44656673;6580656,55938578;859;0;0;0;ZM;EXT;2,597878;50,957978
288850,48754548;6585313,23536581;860;0;0;0;ZN;EXT;2,594788;50,984390
286628,54155990;6587176,25829406;861;0;0;0;ZO;EXT;2,574828;50,994953
282419,56579756;6590186,41010853;862;0;0;0;ZP;EXT;2,537018;51,012014
281419,43879730;6592400,97703766;863;0;0;0;ZQ;EXT;2,528034;51,024562
301208,57782310;6606998,70172915;864;0;0;0;ZR;NEW;2,705803;51,107190
296175,29017209;6609453,59950207;865;0;0;0;ZS;NEW;2,660588;51,121070
296036,43059569;6610089,48388465;866;0;0;0;ZT;NEW;2,659341;51,124665
293127,33102749;6609394,95124558;867;0;0;0;ZU;NEW;2,633208;51,120739
300358,40798965;6613125,58370685;868;0;0;0;ZV;NEW;2,698165;51,141825
301124,37827159;6612014,33148433;869;0;0;0;ZW;NEW;2,705046;51,135545
303378,59865575;6614776,42584661;870;0;0;0;ZX;NEW;2,725296;51,151153
312797,92611984;6620953,67595958;871;0;0;0;ZY;NEW;2,809912;51,186040
314446,96950010;6618790,32420298;872;0;0;0;ZZ;NEW;2,824725;51,173825
316929,10933191;6620428,14626625;873;0;0;0;Z0;NEW;2,847023;51,183073
316385,02602036;6623148,60297617;874;0;0;0;Z1;NEW;2,842135;51,198430
318430,64315595;6624599,14411500;875;0;0;0;Z2;NEW;2,860511;51,206616
335046,29905849;6550550,84020995;876;0;5;0;Z4;EXT;3,009772;50,786857
281367,99302310;6597267,83087114;877;0;0;0;Z5;EXT;2,527572;51,052127
334408,03421668;6591744,79681304;878;0;0;0;Z6;NEW;3,004038;51,020845
330739,44510835;6591550,72489646;879;0;0;0;Z7;NEW;2,971083;51,019745
330249,29711048;6591560,14979120;880;0;0;0;Z8;NEW;2,966680;51,019799
327480,02819452;6591764,54960569;881;0;0;0;Z9;NEW;2,941803;51,020957
337787,04482630;6548433,29560578;882;0;12;0;0A;FIXNEW;3,034393;50,774797
333780,31410044;6546495,01902588;883;0;9;0;0B;EXT;2,998400;50,763755
343009,86377324;6550560,29890956;884;0;0;0;0D;NEW;3,081310;50,786911
347145,06242556;6551594,49118241;885;0;0;0;0E;NEW;3,118457;50,792799
343502,17533287;6554813,16387389;886;0;0;0;0F;NEW;3,085733;50,811122
346064,74099476;6557201,90636490;887;0;0;0;0G;NEW;3,108752;50,824716
347692,30102411;6563216,01675725;888;0;0;0;0H;NEW;3,123373;50,858923
350939,11578027;6563952,38175089;889;0;0;0;0I;NEW;3,152540;50,863109
342603,84078994;6566836,82888088;890;0;0;0;0J;NEW;3,077663;50,879505
345072,91506198;6574727,74518400;891;0;0;0;0K;NEW;3,099843;50,924329
347987,32362896;6578592,08501162;892;0;0;0;0R;NEW;3,126023;50,946264
348640,30928333;6578412,99213788;893;0;0;0;0P;NEW;3,131889;50,945247
347805,28182859;6578158,87309883;894;0;0;0;0Q;NEW;3,124388;50,943805
347633,60710847;6578242,24220798;895;0;0;0;0S;NEW;3,122846;50,944278
348257,91189981;6579493,88774951;896;0;0;0;0M;NEW;3,128454;50,951381
349860,70911139;6580553,76674109;897;0;0;0;0T;NEW;3,142852;50,957395
348397,61217921;6579603,95463631;898;0;0;0;0L;NEW;3,129709;50,952006
348436,36234978;6578935,29211628;899;0;0;0;0O;NEW;3,130057;50,948212
347712,99006970;6579102,77370125;900;0;0;0;0N;NEW;3,123559;50,949162
351092,60076576;6576819,75736501;901;0;0;0;0V;NEW;3,153918;50,936205
357316,35087060;6574224,60113491;902;0;0;0;0W;NEW;3,209827;50,921472
355066,56485053;6572204,18757753;903;0;0;0;0X;NEW;3,189617;50,909999
359554,65443061;6573995,07360638;904;0;0;0;0U;NEW;3,229934;50,920169
362065,27058275;6571168,70436960;905;0;0;0;WN;NEW;3,252488;50,904117
359684,76283872;6575295,77697995;906;0;0;0;YY;NEW;3,231103;50,927554
360053,83628027;6576590,19259436;907;0;0;0;0Y;NEW;3,234419;50,934902
359382,20517342;6582385,06935171;908;0;0;0;0Z;NEW;3,228385;50,967784
360736,42398430;6583607,51457909;909;0;0;0;00;NEW;3,240550;50,974717
374441,33109310;6585114,07015204;910;0;0;0;01;NEW;3,363664;50,983261
375526,66189811;6586041,68611411;911;0;0;0;02;NEW;3,373413;50,988521
377458,12409437;6585757,25846191;912;0;0;0;03;NEW;3,390764;50,986908
381103,29090863;6587762,13416620;913;0;0;0;04;NEW;3,423509;50,998274
381493,02799751;6585922,62337597;914;0;1;0;05;FIXNEW;3,427010;50,987846
380829,02204303;6581742,49308731;915;0;2;0;06;FIXNEW;3,421045;50,964139
380183,45044299;6581520,26365557;916;0;0;0;07;NEW;3,415246;50,962878
380049,59899973;6580138,10879735;917;0;0;0;08;NEW;3,414044;50,955037
378313,07001961;6575766,00536801;918;0;0;0;09;NEW;3,398444;50,930223
368369,29964286;6580118,67387246;919;0;0;0;1D;NEW;3,309118;50,954926
365194,05640527;6578544,12284087;920;0;0;0;1E;NEW;3,280594;50,945992
371523,87682974;6568842,29347426;921;0;0;0;1G;NEW;3,337456;50,890901
384166,97593702;6567521,97392631;922;0;0;0;1F;NEW;3,451031;50,883399
385074,51887925;6566293,80204041;923;0;4;0;1I;FIXNEW;3,459183;50,876419
373256,32600156;6565386,68239535;924;0;0;0;1J;NEW;3,353019;50,871263
386698,75215671;6553138,83700316;925;0;0;0;1K;NEW;3,473774;50,801592
387175,00310921;6552816,04469091;926;0;0;0;1L;NEW;3,478052;50,799754
390545,80151748;6553715,62982342;927;0;0;0;1M;NEW;3,508333;50,804875
385185,33246320;6551683,62575942;928;0;0;0;1N;NEW;3,460179;50,793307
385867,95882845;6547704,28446740;929;0;0;0;1O;NEW;3,466311;50,770644
384550,33119320;6547804,82633514;930;0;0;0;1P;NEW;3,454474;50,771217
383460,24567969;6545375,94647738;931;0;35;0;1Q;FIXNEW;3,444682;50,757379
379983,61372643;6552138,71000291;932;0;0;0;1R;NEW;3,413451;50,795898
376750,39892666;6551043,33281217;933;0;0;0;1S;NEW;3,384406;50,789661
376544,02351392;6552371,54380191;934;0;0;0;1T;NEW;3,382553;50,797224
372702,26583040;6554916,84055918;935;0;0;0;1V;NEW;3,348041;50,811712
373370,07549935;6555330,64972012;936;0;0;0;1U;NEW;3,354040;50,814067
371585,72193065;6555870,40079962;937;0;0;0;1X;NEW;3,338011;50,817139
372360,42348005;6557127,70331424;938;0;0;0;1Y;NEW;3,344971;50,824294
369979,16871754;6557838,90473664;939;0;0;0;1Z;NEW;3,323579;50,828340
364092,70694461;6558962,85698455;940;0;0;0;10;NEW;3,270700;50,834734
363988,72548665;6558861,25678135;941;0;0;0;11;NEW;3,269766;50,834156
377684,54634908;6559385,47924303;942;0;0;0;12;NEW;3,392798;50,837138
367816,06380427;6562223,39120465;943;0;0;0;13;NEW;3,304148;50,853279
367895,43896303;6562630,85035291;944;0;0;0;14;NEW;3,304861;50,855596
366519,60287802;6562562,05854865;945;0;0;0;15;NEW;3,292502;50,855204
365863,43489901;6561800,05702466;946;0;0;0;16;NEW;3,286607;50,850871
364365,89023726;6564049,01985592;947;0;0;0;17;NEW;3,273154;50,863659
363556,26361800;6565530,68948592;948;0;0;0;18;NEW;3,265881;50,872081
361360,21755925;6565509,52277692;949;0;0;0;19;NEW;3,246154;50,871961
383830,79804828;6545189,58853297;950;0;3;0;2A;EXT;3,448011;50,756317
376591,78357025;6540592,17933816;951;0;23;0;2C;FIXNEW;3,382982;50,730112
377166,90705727;6540272,54021091;952;0;42;0;2B;EXT;3,388148;50,728290
372806,73139104;6535342,70866954;953;0;47;0;2E;EXT;3,348980;50,700173
368456,97269152;6536176,94158801;954;0;35;0;2F;EXT;3,309905;50,704932
373546,11854510;6538096,69075312;955;0;95;0;2D;FIXNEW;3,355622;50,715882
367474,93485886;6544683,78279816;956;0;8;0;2G;EXT;3,301084;50,753435
366830,67315367;6546394,31746922;957;0;14;0;2H;FIXNEW;3,295296;50,763181
371183,70122543;6548666,35030886;958;6519;60;0;PC;IN;3,334400;50,776124
361392,51225578;6561035,94156085;959;0;0;0;2I;NEW;3,246444;50,846526
356714,66956677;6560580,85731735;960;0;0;0;2K;NEW;3,204422;50,843938
359455,75838228;6560051,68959235;961;0;0;0;2J;NEW;3,229046;50,840928
354940,08595572;6564170,63732636;962;0;0;0;2L;NEW;3,188481;50,864350
353073,18222191;6560195,52937615;963;0;0;0;2M;NEW;3,171710;50,841746
363248,51779548;6558451,07675114;964;0;0;0;2O;NEW;3,263117;50,831823
363694,73847958;6558182,78871456;965;0;0;0;2P;NEW;3,267125;50,830297
363939,47855239;6558358,07552347;966;0;0;0;2Q;NEW;3,269324;50,831294
363068,32345599;6558410,35311227;967;0;0;0;2R;NEW;3,261498;50,831591
363877,95007525;6558723,09123774;968;0;0;0;2S;NEW;3,268771;50,833370
364060,51294038;6558053,16489789;969;0;0;0;2T;NEW;3,270411;50,829559
365111,21697956;6557425,69411497;970;0;0;0;2U;NEW;3,279850;50,825989
362973,44998686;6552459,98857815;971;0;0;0;2W;NEW;3,260646;50,797727
363283,24230055;6557042,38880403;972;0;0;0;2V;NEW;3,263429;50,823808
367397,20989470;6554322,50936671;973;0;0;0;2X;NEW;3,300385;50,808330
361983,15337966;6546888,59741484;974;0;12;0;2Y;FIXNEW;3,251750;50,765997
362855,03752129;6544357,32087462;975;0;11;0;2Z;EXT;3,259582;50,751574
360014,38273727;6553582,41759896;976;0;0;0;20;NEW;3,234064;50,804117
357687,01458501;6552534,75036427;977;0;0;0;21;NEW;3,213157;50,798153
353496,34564621;6550643,32428283;978;0;0;0;22;NEW;3,175512;50,787383
351738,51471551;6552028,49505622;979;0;0;0;23;NEW;3,159721;50,795271
319691,94802028;6625564,52300151;980;0;0;0;24;NEW;2,871842;51,212063
319623,22828954;6625674,47457068;981;0;0;0;25;NEW;2,871224;51,212683
324471,57589078;6623904,08851609;982;0;0;0;26;NEW;2,914778;51,202694
326829,47813221;6626735,77694298;983;0;0;0;29;NEW;2,935959;51,218671
325797,60106845;6627172,34031611;984;0;0;0;3A;NEW;2,926690;51,221134
323321,09611544;6628263,74874893;985;0;0;0;3B;NEW;2,904443;51,227290
357650,92146339;6605824,13634412;986;0;0;0;45;NEW;3,212833;51,100547
327206,59732509;6627528,14811852;987;0;0;0;3C;NEW;2,939347;51,223141
327850,93565156;6628474,81908876;988;0;0;0;3D;NEW;2,945135;51,228481
328325,27723598;6629008,98753969;989;0;0;0;3E;NEW;2,949396;51,231494
329675,65507992;6628863,69372104;990;0;0;0;3F;NEW;2,961527;51,230674
330107,26318826;6630188,43147933;991;0;0;0;3G;NEW;2,965404;51,238145
329265,41370961;6631671,28309911;992;0;0;0;3H;NEW;2,957842;51,246506
329479,08108997;6627906,46385697;993;0;0;0;3I;NEW;2,959761;51,225275
332205,47686350;6633141,31467605;994;0;0;0;3J;NEW;2,984253;51,254794
343875,98917933;6638995,80089819;995;0;0;0;3K;NEW;3,089091;51,287784
344145,21007859;6636320,68529596;996;0;0;0;3L;NEW;3,091509;51,272712
345286,19388977;6634184,01149226;997;0;0;0;3M;NEW;3,101759;51,260671
348559,57815705;6632213,99824525;998;0;0;0;3N;NEW;3,131164;51,249566
351136,40676431;6633367,80209925;999;0;0;0;3O;NEW;3,154312;51,256070
349474,07454503;6629197,01483441;1000;0;0;0;3P;NEW;3,139379;51,232554
344762,84200902;6619855,96703577;1001;0;0;0;3Q;NEW;3,097057;51,179842
344911,93956165;6617783,84987607;1002;0;0;0;3R;NEW;3,098397;51,168141
351437,23907059;6624768,86384609;1003;0;0;0;3Z;NEW;3,157014;51,207574
351509,99963277;6624623,34272172;1004;0;0;0;30;NEW;3,157668;51,206752
352188,56443124;6618550,54847150;1005;0;0;0;31;NEW;3,163764;51,172471
354830,52710716;6618306,40300452;1006;0;0;0;32;NEW;3,187497;51,171092
351116,43113730;6625592,38111813;1007;0;0;0;33;NEW;3,154133;51,212220
350254,78405878;6619564,05599048;1008;0;0;0;3T;NEW;3,146392;51,178194
347651,27885177;6617939,51107473;1009;0;0;0;3S;NEW;3,123005;51,169020
341692,85026824;6617749,01069373;1010;0;0;0;3V;NEW;3,069479;51,167945
336766,29874847;6618156,46984199;1011;0;0;0;3X;NEW;3,025223;51,170246
336210,67263722;6619791,59811223;1012;0;0;0;3Y;NEW;3,020232;51,179479
337650,00884923;6616357,29957697;1013;0;0;0;3W;NEW;3,033162;51,160084
330676,63656915;6616107,53241077;1014;0;0;0;36;NEW;2,970519;51,158673
333995,04737264;6615138,62630630;1015;0;0;0;38;NEW;3,000329;51,153199
333967,26606708;6614777,46933398;1016;0;0;0;39;NEW;3,000079;51,151159
329713,02214192;6620185,82806737;1017;0;0;0;34;NEW;2,961862;51,181705
329723,87008028;6620116,24251153;1018;0;0;0;35;NEW;2,961960;51,181312
329739,21594431;6615193,39516583;1019;0;0;0;4B;NEW;2,962098;51,153509
329487,33210721;6615593,44596593;1020;0;0;0;4A;NEW;2,959835;51,155769
331795,82630753;6614106,22007481;1021;0;0;0;4C;NEW;2,980573;51,147366
338346,65815919;6607013,52047272;1022;0;0;0;4D;NEW;3,039420;51,107273
341970,71727933;6608896,40721911;1023;0;0;0;4E;NEW;3,071975;51,117920
341028,79872882;6611616,32932562;1024;0;0;0;4F;NEW;3,063514;51,133296
346426,30952385;6612558,24787613;1025;0;0;0;4G;NEW;3,112000;51,138619
344415,47216884;6615659,17074465;1026;0;0;0;4I;NEW;3,093937;51,156140
345113,97356584;6615479,25371814;1027;0;0;0;4J;NEW;3,100212;51,155124
349061,56479435;6615362,83681864;1028;0;0;0;3U;NEW;3,135673;51,154466
353749,99083787;6614907,75257514;1029;0;0;0;4L;NEW;3,177790;51,151895
351284,06923936;6613055,66553764;1030;0;0;0;4K;NEW;3,155638;51,141430
377526,62738062;6589721,53747927;1031;0;0;0;4N;NEW;3,391379;51,009380
374296,51774462;6588961,51168256;1032;0;0;0;4O;NEW;3,362363;51,005073
373847,77910934;6591176,90602615;1033;0;0;0;4P;NEW;3,358332;51,017627
378169,41515550;6595369,17597926;1034;0;0;0;4Q;NEW;3,397154;51,041375
374453,84179466;6595390,31012652;1035;0;0;0;4R;NEW;3,363776;51,041495
374309,90817346;6595411,47683551;1036;0;0;0;4S;NEW;3,362483;51,041615
371909,60337285;6594173,22435901;1037;0;0;0;4T;NEW;3,340921;51,034602
368610,29451749;6601343,06714574;1038;0;0;0;4X;NEW;3,311283;51,075195
364189,09817510;6601335,12962986;1039;0;0;0;4Z;NEW;3,271566;51,075150
367014,85382661;6602462,25688411;1040;0;0;0;4Y;FUT;3,296951;51,081528
368355,54461739;6603927,14478713;1041;0;0;0;41;NEW;3,308994;51,089816
368402,14283781;6604044,34820229;1042;0;0;0;42;NEW;3,309413;51,090479
371110,61201813;6603438,57133675;1043;0;0;0;40;NEW;3,333743;51,087052
373356,92901076;6601589,13013787;1044;0;0;0;4V;NEW;3,353922;51,076587
373348,99149489;6596636,12023184;1045;0;0;0;4U;NEW;3,353851;51,048550
372817,17793126;6602398,75675712;1046;0;0;0;4W;NEW;3,349074;51,081169
371022,45823376;6599939,89348278;1047;0;0;0;43;NEW;3,332951;51,067253
357613,92595158;6603503,97430159;1048;0;0;0;44;NEW;3,212501;51,087422
370648,47658965;6610640,39331952;1049;0;0;0;46;NEW;3,329592;51,127779
373093,26451281;6609376,36043326;1050;0;0;0;48;NEW;3,351554;51,120634
372882,43427545;6610301,27451555;1051;0;0;0;49;NEW;3,349660;51,125863
372989,70539099;6609287,69797604;1052;0;0;0;47;NEW;3,350624;51,120133
366922,79524435;6607782,37636935;1053;0;0;0;5A;NEW;3,296124;51,111621
364901,37453484;6611618,84237562;1054;0;0;0;5B;NEW;3,277965;51,133310
371645,35260614;6615391,67596295;1055;0;0;0;5C;NEW;3,338547;51,154629
359463,35328156;6618237,99653936;1056;0;0;0;5D;NEW;3,229114;51,170706
356372,33170118;6618234,14575877;1057;0;0;0;5E;NEW;3,201347;51,170684
357665,79191295;6618938,34970880;1058;0;0;0;5F;NEW;3,212966;51,174661
359429,86784994;6619223,24140521;1059;0;0;0;5G;NEW;3,228813;51,176270
362994,33787028;6616378,52443457;1060;0;0;0;5H;NEW;3,260834;51,160204
365348,89703342;6618514,91595592;1061;0;0;0;5I;NEW;3,281985;51,172270
367700,51840333;6619704,48500173;1062;0;0;0;5J;NEW;3,303110;51,178987
363836,61417973;6622543,78684150;1063;0;0;0;5M;NEW;3,268400;51,195016
360032,35758393;6623982,26499335;1064;0;0;0;5N;NEW;3,234226;51,203135
369878,11107173;6622354,61121721;1065;0;0;0;5O;NEW;3,322672;51,193948
373307,11792974;6622354,61121721;1066;0;0;0;5P;NEW;3,353475;51,193948
369274,85986522;6620798,85810571;1067;0;0;0;5Q;NEW;3,317253;51,185166
366339,32934444;6632379,68376290;1068;0;0;0;5U;NEW;3,290882;51,250500
365594,12936762;6631998,71131546;1069;0;0;0;5T;NEW;3,284188;51,248352
371980,62852835;6634178,06751227;1070;0;0;0;5W;NEW;3,341559;51,260637
372149,30074070;6632746,00735647;1071;0;58;0;5V;FIXNEW;3,343074;51,252565
380295,17640744;6633483,53487319;1072;0;56;0;5Z;EXT;3,416250;51,256723
371501,32306369;6639607,12753663;1073;0;0;0;5X;NEW;3,337253;51,291227
371244,67671707;6639540,98157100;1074;0;0;0;5Y;NEW;3,334948;51,290854
361872,60906761;6630785,32718420;1075;0;0;0;51;NEW;3,250757;51,241511
361803,14400597;6628743,05437195;1076;0;0;0;50;NEW;3,250133;51,229994
369742,93259660;6640210,06284698;1077;0;0;0;5S;NEW;3,321457;51,294623
368621,67589511;6640499,72082820;1078;0;0;0;5R;NEW;3,311385;51,296254
374763,03386005;6643577,38013701;1079;0;93;0;6M;EXT;3,366554;51,313584
370516,13253034;6641553,23493731;1080;0;0;0;53;FUT;3,328403;51,302187
370450,24973509;6644612,08088265;1081;0;0;0;6N;NEW;3,327811;51,319409
361791,21222454;6643885,83526471;1082;0;0;0;56;NEW;3,250026;51,315321
363132,65240743;6640491,75347655;1083;0;0;0;55;NEW;3,262076;51,296209
362743,71412955;6640086,94016692;1084;0;0;0;57;NEW;3,258582;51,293929
364505,84265380;6641960,19391342;1085;0;0;0;54;NEW;3,274412;51,304479
366621,15445478;6637337,12417382;1086;0;0;0;52;NEW;3,293414;51,278439
358995,84753750;6636485,16413657;1087;0;0;0;58;NEW;3,224915;51,273639
357577,67803450;6635828,99615756;1088;0;0;0;1H;NEW;3,212175;51,269942
357043,21863224;6635739,03764431;1089;0;0;0;59;NEW;3,207374;51,269435
355687,49092079;6635442,70371831;1090;0;0;0;6G;NEW;3,195195;51,267765
357462,92099761;6636644,61980130;1091;0;0;0;6A;NEW;3,211144;51,274538
356573,09620963;6639982,08017099;1092;0;0;0;6C;NEW;3,203151;51,293339
356880,01349013;6640082,62203873;1093;0;0;0;6B;NEW;3,205908;51,293905
355525,34411413;6642673,95638807;1094;0;0;0;6D;NEW;3,193739;51,308498
353260,50625112;6641986,03834558;1095;0;0;0;6F;NEW;3,173393;51,304624
355721,13617238;6640186,86808056;1096;0;0;0;6E;NEW;3,195497;51,294492
366475,18338582;6613045,23265225;1097;0;0;0;1C;NEW;3,292103;51,141371
345991,46031971;6640558,84709120;1098;0;0;0;6K;NEW;3,108094;51,296587
344961,51808444;6642450,88912339;1099;0;0;0;6L;NEW;3,098842;51,307242
355024,14259931;6626561,19514868;1100;0;0;0;6J;NEW;3,189236;51,217686
356266,36383376;6629203,06501576;1101;0;0;0;6H;NEW;3,200395;51,232588
357873,71079845;6627681,70780638;1102;0;0;0;6I;NEW;3,214834;51,224007
293736,45032581;6577981,82210340;1103;0;0;0;4M;NEW;2,638679;50,942801
295138,74479707;6576830,88230152;1104;0;0;0;6T;NEW;2,651276;50,936268
316208,02537164;6539048,52667180;1105;0;0;0;6O;EXT;2,840545;50,721311
369575,35152310;6571532,80831921;1106;0;0;0;6P;NEW;3,319952;50,906185
380944,61384651;6587588,25099814;1107;0;0;0;6Q;NEW;3,422084;50,997289
314131,49977469;6605539,83883663;1108;0;0;0;6R;NEW;2,821891;51,098939
331950,61757766;6561374,33444015;1109;0;0;0;6S;NEW;2,981963;50,848450
370216,77664363;6650576,84544948;1110;0;0;0;Z3;NEW;3,325714;51,352972
372283,93409498;6651456,11353564;1111;0;0;0;0C;NEW;3,344283;51,357918
373415,86184775;6651317,49214971;1112;0;0;0;1A;NEW;3,354452;51,357138
372635,66264191;6650444,50505020;1113;0;0;0;1W;NEW;3,347443;51,352228
371761,60005737;6611160,03249421;1114;0;0;0;27;NEW;3,339591;51,130717
371889,50878412;6609959,87293978;1115;0;0;0;28;NEW;3,340740;51,123933
376575,67824325;6573050,48994507;1116;0;0;0;37;NEW;3,382837;50,914805
376862,24622648;6570961,40285680;1117;0;0;0;UX;NEW;3,385411;50,902940
385478,89658761;6551300,91549359;1118;0;0;0;U6;NEW;3,462816;50,791128
383021,03646794;6549413,49621915;1119;0;0;0;VJ;NEW;3,440737;50,780380
347309,56257128;6613882,84494686;1120;0;0;0;4H;NEW;3,119935;51,146104
